pitcher,player_name,batters_faced,pitches,IP,GS,G,Team,K%,SwStr%,CSW%,BB%,F-Strike%,Chase%,xwOBA,Barrel%,GB%,Missing Bats,Command,Contact Management,Raw PDS,PDS+,PDS+ (uncapped),Last Updated
694819,"Misiorowski, Jacob",648,2581,168.2,29,29,MIL,38.117283950617285,17.55133669120496,33.94033320418443,6.481481481481481,65.89506172839506,35.17940717628705,0.22161379907264298,3.7356321839080464,44.827586206896555,2.7860924002983083,1.0643548207378382,1.4691481866953018,1.773198469243816,117.7,117.7,2026-09-27
805427,"Sommers, Drew",170,651,39.0,0,43,DET,36.470588235294116,13.517665130568357,31.95084485407066,7.0588235294117645,67.64705882352942,35.646687697160885,0.22973891764705884,3.3333333333333335,63.33333333333333,1.8773866401037598,1.164944106930715,2.2383657276736315,1.7602321582360354,117.6,117.6,2026-09-27
670970,"Morejon, Adrian",353,1344,84.2,0,76,SD,30.31161473087819,16.517857142857142,31.770833333333332,5.94900849858357,65.43909348441926,38.6094674556213,0.2390927478753541,2.8301886792452833,58.01886792452831,1.8841309521041882,1.3940614663653499,1.9851101524800983,1.7544341903165455,117.5,117.5,2026-09-27
656945,"Scott, Tanner",251,979,63.1,0,69,LAD,32.669322709163346,17.7732379979571,31.66496424923391,4.382470119521913,73.30677290836654,40.709812108559504,0.27192243824701195,6.535947712418301,39.869281045751634,2.1851462910829835,2.317753621662591,0.4174351865096741,1.6401116997517493,116.4,116.4,2026-09-27
623352,"Hader, Josh",167,676,44.1,0,45,HOU,32.93413173652694,17.159763313609467,31.804733727810653,8.982035928143713,72.45508982035929,41.08108108108108,0.21458502994011977,6.185567010309279,39.175257731958766,2.1363249771249198,1.7679162569595637,0.9797172968798514,1.6279861769881114,116.3,116.3,2026-09-27
605483,"Snell, Blake",175,742,41.2,9,9,LAD,31.428571428571427,15.768194070080863,30.862533692722373,9.142857142857142,70.28571428571428,40.045766590389015,0.2308990344827586,1.9801980198019802,43.56435643564357,1.7319770590928762,1.503838222517435,1.550949653171174,1.5955883115938283,116.0,116.0,2026-09-27
673380,"Núñez, Dedniel",72,213,18.2,0,18,NYM,27.77777777777778,20.657276995305164,34.27230046948357,0.0,76.38888888888889,49.056603773584904,0.29280555555555554,11.538461538461538,38.46153846153847,2.288528191825323,3.0,-0.4827440820319327,1.6019280365977968,116.0,119.7,2026-09-27
676477,"Whitlock, Garrett",198,743,52.0,0,54,BOS,29.797979797979796,16.689098250336475,30.82099596231494,4.545454545454546,68.18181818181817,42.119565217391305,0.25104252525252524,3.8461538461538463,40.0,1.7517552870399582,2.0191767202062363,0.9666570031566143,1.5791963368009363,115.8,115.9,2026-09-27
661395,"Duran, Jhoan",233,939,58.0,0,60,PHI,35.1931330472103,17.03940362087327,29.605963791267303,3.862660944206009,57.5107296137339,34.06813627254509,0.22997351072961375,3.64963503649635,59.12408759124088,1.9708538336337593,0.6656187454412332,2.014748344421241,1.5504069744987445,115.5,115.5,2026-09-27
695243,"Miller, Mason",273,1154,70.1,0,66,SD,47.25274725274725,20.19064124783362,38.21490467937608,9.157509157509157,57.509157509157504,36.13312202852615,0.20091283516483516,6.956521739130435,46.95652173913044,3.0,0.24658382970090786,1.272542577312317,1.5063754690044082,115.1,119.5,2026-09-27
686973,"Varland, Louis",308,1240,77.2,0,71,TOR,31.493506493506494,13.46774193548387,28.548387096774192,7.142857142857142,68.5064935064935,36.62613981762918,0.23866350649350648,3.7433155080213902,55.61497326203209,1.1210107324056566,1.3028981901353252,1.7690135762987105,1.3976408329465642,114.0,114.0,2026-09-27
662253,"Muñoz, Andrés",240,953,57.0,0,61,SEA,37.083333333333336,18.048268625393494,34.41762854144806,10.0,62.916666666666664,37.111517367458866,0.27895196666666666,8.73015873015873,50.79365079365079,2.8526607364323513,0.6228038578671379,0.5389305509685361,1.338131715089342,113.4,113.4,2026-09-27
669373,"Skubal, Tarik",621,2357,157.2,26,26,LAD,29.951690821256037,15.655494272380144,30.632159524819684,4.3478260869565215,68.92109500805152,36.647009267059815,0.2649275684380032,6.7164179104477615,45.024875621890544,1.596116791078981,1.6513657644717723,0.6826534416677119,1.310045332406155,113.1,113.1,2026-09-27
656730,"Megill, Trevor",243,886,61.2,0,63,MIL,28.39506172839506,15.011286681715575,31.15124153498871,4.938271604938271,67.48971193415639,38.604651162790695,0.25796244628099174,6.369426751592357,35.03184713375796,1.4811748844854293,1.6545547692872624,0.3641071865733994,1.1666122801153638,111.7,111.7,2026-09-27
650911,"Sánchez, Cristopher",857,3158,203.2,33,33,PHI,26.954492415402566,14.534515516149463,30.652311589613678,5.250875145857643,65.69428238039673,36.34190077704722,0.2852872952158693,7.491289198606271,58.01393728222997,1.2629874733180773,1.291923289448509,0.9473350875802778,1.1674152834489548,111.7,111.7,2026-09-27
519242,"Sale, Chris",651,2575,161.0,27,27,ATL,30.721966205837177,13.941747572815533,31.339805825242717,4.761904761904762,64.66973886328725,36.46153846153846,0.2660431692307692,6.218905472636816,44.527363184079604,1.503072703327405,1.2848414191757989,0.71431122774753,1.167408450083578,111.7,111.7,2026-09-27
682254,"Montgomery, Mason",275,1163,67.2,5,69,PIT,37.45454545454546,14.789337919174548,31.212381771281166,8.727272727272728,60.72727272727273,32.88135593220339,0.2501144436363636,6.206896551724138,53.103448275862064,2.013789567952227,0.23878562057722877,1.2364302942188907,1.1630018275827823,111.6,111.6,2026-09-27
594027,"Guerrero, Tyron",166,612,40.1,0,40,BOS,24.69879518072289,12.254901960784313,27.61437908496732,4.216867469879518,66.86746987951807,35.573122529644266,0.2556106265060241,3.4782608695652173,54.78260869565217,0.41812136941118117,1.4252481532002281,1.6054212317802243,1.1495969181305445,111.5,111.5,2026-09-27
670280,"Bednar, David",280,1160,69.1,0,64,NYY,27.142857142857142,15.086206896551724,28.965517241379313,6.428571428571428,62.5,38.449367088607595,0.2641733714285714,4.945054945054945,51.64835164835166,1.128917792937695,1.115939684847319,1.2012400050951315,1.1486991609600485,111.5,111.5,2026-09-27
699134,"Rodriguez, Bradgley",301,1184,74.0,4,68,SD,26.910299003322258,14.104729729729728,29.898648648648653,6.312292358803987,61.461794019933556,34.7682119205298,0.23871501661129566,4.5,51.0,1.1033858123179647,0.7311569259130112,1.4733350690410576,1.1026259357573445,111.0,111.0,2026-09-27
669276,"Lee, Dylan",262,1059,66.2,0,71,ATL,29.389312977099237,17.091595845136922,31.728045325779036,6.106870229007633,63.358778625954194,35.25046382189239,0.25251175572519086,5.357142857142857,32.73809523809524,1.8999731413344698,0.9321992358837584,0.4471399255860217,1.09310410093475,110.9,110.9,2026-09-27
666661,"Morillo, Juan",260,1032,63.2,0,69,AZ,28.076923076923077,13.275193798449614,28.58527131782946,8.461538461538462,63.46153846153846,35.869565217391305,0.24252353846153846,3.1446540880503147,51.57232704402516,0.8904685364992212,0.7269003274714727,1.6350758084278123,1.0841482241328355,110.8,110.8,2026-09-27
666200,"Luzardo, Jesús",730,2860,175.2,29,29,PHI,30.273972602739725,13.706293706293707,31.993006993006993,7.123287671232877,62.6027397260274,33.68214519293656,0.2607679890410959,5.8690744920993225,49.887133182844245,1.5290615616702852,0.6249712255440737,1.0397732766759613,1.0646020212967733,110.6,110.6,2026-09-27
642048,"Saucedo, Tayler",87,343,21.0,0,28,LAA,29.88505747126437,16.61807580174927,30.612244897959183,8.045977011494253,66.66666666666666,33.66834170854271,0.2557093793103448,5.88235294117647,39.21568627450981,1.7201514982249473,0.8089532688013655,0.6277582958333562,1.0522876876198897,110.5,110.5,2026-09-27
671922,"Smith, Cade",295,1241,74.0,0,69,CLE,36.271186440677965,15.551974214343273,32.31265108783239,7.457627118644068,63.05084745762712,33.65539452495974,0.2607653152542373,8.695652173913043,40.993788819875775,2.188736306139511,0.6166526442446812,0.295788407927353,1.0337257861038485,110.3,110.3,2026-09-27
677952,"Ashcraft, Braxton",668,2413,164.1,28,28,PIT,25.898203592814372,12.142561127227518,29.92125984251969,5.239520958083832,68.26347305389223,37.01799485861182,0.28636791017964075,6.1946902654867255,46.46017699115044,0.7779031967302025,1.5359539936041724,0.6064831274734358,0.9734467726026036,109.7,109.7,2026-09-27
805345,"Harris, Trent",90,355,22.1,0,21,SF,30.0,9.014084507042254,32.11267605633803,7.777777777777778,60.0,29.47976878612717,0.23216288888888886,1.7857142857142856,53.57142857142857,0.8907276398171854,-0.004701699888432054,1.9938284179954318,0.9599514526413951,109.6,109.6,2026-09-27
656546,"Hoffman, Jeff",294,1227,65.1,0,71,MIN,34.69387755102041,16.87041564792176,31.947840260798692,8.503401360544217,56.4625850340136,37.57142857142857,0.2855732559726962,8.49673202614379,44.44444444444444,2.2234996079495652,0.3726992043510969,0.23276228466714258,0.9429870323226015,109.4,109.4,2026-09-27
628452,"Iglesias, Raisel",240,916,59.1,0,59,ATL,26.666666666666668,13.973799126637553,31.33187772925764,6.666666666666667,70.83333333333334,39.04555314533623,0.28665179999999996,9.554140127388536,38.21656050955414,1.2580604765267738,1.7357753077270497,-0.18052746029729383,0.9377694413188432,109.4,109.4,2026-09-27
554430,"Wheeler, Zack",622,2552,154.0,27,27,PHI,30.22508038585209,14.14576802507837,28.01724137931034,7.556270096463022,65.59485530546624,35.98382749326146,0.2642287266881029,6.005221932114883,43.60313315926893,1.0659743341025374,0.9918064435478057,0.7192643822576308,0.9256817199693246,109.3,109.3,2026-09-27
687330,"Kelly, Kevin",279,999,71.2,0,71,TB,22.58064516129032,10.51051051051051,28.52852852852853,2.867383512544803,67.38351254480287,34.599999999999994,0.28971002150537634,5.9405940594059405,57.920792079207914,0.17103881725276973,1.529506921807995,1.0996217824192112,0.9333891738266585,109.3,109.3,2026-09-27
805299,"Garcia, Brandyn",188,692,50.0,0,56,AZ,31.382978723404253,10.83815028901734,31.79190751445087,5.319148936170213,55.319148936170215,25.925925925925924,0.22176548936170215,5.405405405405405,60.36036036036037,1.1811873552013623,-0.3723882848997018,1.9214639415571673,0.9100876706196092,109.1,109.1,2026-09-27
687396,"Headrick, Brent",326,1285,78.1,0,81,NYY,30.061349693251532,15.408560311284047,29.883268482490273,7.975460122699387,64.41717791411043,33.8301043219076,0.2743707975460123,4.477611940298507,37.3134328358209,1.4713914905341634,0.6707397295119549,0.5477157722549107,0.896615664100343,109.0,109.0,2026-09-27
801139,"Tolle, Payton",604,2286,145.2,26,26,BOS,28.311258278145697,13.648293963254593,27.64654418197725,6.456953642384105,66.3907284768212,36.388888888888886,0.25335419205298015,5.958549222797927,38.082901554404145,0.832760170986872,1.208919037140447,0.5918030240073833,0.8778274107115674,108.8,108.8,2026-09-27
664854,"Helsley, Ryan",69,277,15.1,0,17,BAL,30.434782608695656,16.24548736462094,31.768953068592058,11.594202898550725,55.072463768115945,29.80132450331126,0.26316,5.263157894736842,60.526315789473685,1.854439563323442,-0.7607908396948716,1.5517157258104257,0.8817881498129987,108.8,108.8,2026-09-27
680742,"Bowlan, Jonathan",234,967,55.1,0,59,PHI,31.196581196581196,14.270941054808686,28.645294725956568,6.41025641025641,59.82905982905983,35.16068052930057,0.2610220172413793,7.2992700729927,46.715328467153284,1.224572082829865,0.6381229738164521,0.7179657328589258,0.8602202631684143,108.6,108.6,2026-09-27
643410,"Leiter Jr., Mark",146,552,32.2,0,36,ATH,26.027397260273972,13.405797101449277,31.34057971014493,6.8493150684931505,65.06849315068493,33.77483443708609,0.3120082739726027,3.296703296703297,42.857142857142854,1.1429174628989045,0.8400782389425411,0.5778886780627447,0.8536281266347302,108.5,108.5,2026-09-27
693645,"Schlittler, Cam",761,3044,193.2,33,33,NYY,31.40604467805519,13.961892247043364,28.843626806833118,6.438896189224705,61.76084099868594,34.38506117192531,0.2628117371879106,7.311827956989248,44.3010752688172,1.2213589080540133,0.7044099927085821,0.5955256532499621,0.8404315180041858,108.4,108.4,2026-09-27
642207,"Williams, Devin",186,763,39.2,0,44,NYM,27.956989247311824,15.98951507208388,30.40629095674967,10.75268817204301,59.67741935483871,38.62068965517241,0.27891182795698927,4.504504504504505,39.63963963963964,1.4898011959587834,0.4391779527029187,0.6008984412837585,0.8432925299818201,108.4,108.4,2026-09-27
547973,"Chapman, Aroldis",213,843,51.1,0,53,BOS,33.33333333333333,13.87900355871886,28.58837485172005,10.7981220657277,63.38028169014085,33.1002331002331,0.2520051267605634,6.779661016949152,48.30508474576271,1.294750626141148,0.21236363968596148,0.9388601172143067,0.8153247943471388,108.2,108.2,2026-09-27
642528,"Loáisiga, Jonathan",261,974,66.2,0,67,AZ,18.39080459770115,10.472279260780287,24.84599589322382,3.8314176245210727,66.66666666666666,35.9437751004016,0.2700542222222222,3.5175879396984926,55.778894472361806,-0.572157950709093,1.4872653042137216,1.5053450767620522,0.8068174767555604,108.1,108.1,2026-09-27
676684,"Vest, Will",116,484,26.0,0,27,DET,23.275862068965516,11.15702479338843,27.685950413223143,8.620689655172415,69.82758620689656,33.46153846153846,0.30324572413793105,5.194805194805195,62.33766233766234,0.19125251497943477,0.9510178274059212,1.2557094124299872,0.7993265849384477,108.0,108.0,2026-09-27
676879,"Ashby, Aaron",383,1586,88.1,1,75,MIL,30.287206266318538,12.042875157629256,32.471626733921816,10.443864229765012,59.68586387434554,29.53020134228188,0.26849583289817236,4.910714285714286,56.25,1.3665522866370183,-0.3251022261269283,1.3621324764278446,0.8011941789793116,108.0,108.0,2026-09-27
683618,"Henriquez, Edgardo",242,972,59.1,1,61,LAD,29.338842975206614,13.68312757201646,27.77777777777778,10.330578512396695,60.74380165289256,34.32835820895522,0.24533310743801653,2.857142857142857,43.57142857142857,0.9175721470972196,0.1854192039641952,1.3012315284854867,0.8014076265156338,108.0,108.0,2026-09-27
592155,"Booser, Cam",153,574,40.2,0,42,TB,29.411764705882355,13.763066202090593,27.00348432055749,3.9215686274509802,64.70588235294117,34.172661870503596,0.24857045751633988,5.9405940594059405,30.693069306930692,0.8316655323131165,1.1813354800850864,0.32218747005755266,0.7783961608185851,107.8,107.8,2026-09-27
660271,"Ohtani, Shohei",340,1335,85.1,14,14,LAD,27.941176470588236,13.48314606741573,30.56179775280899,7.647058823529412,55.00000000000001,29.96987951807229,0.25654115294117646,3.755868544600939,52.112676056338024,1.1687982157366992,-0.30337614447518496,1.446265458703085,0.7705625099881998,107.7,107.7,2026-09-27
656876,"Rasmussen, Drew",671,2660,170.0,30,30,TB,25.93144560357675,11.31578947368421,28.007518796992482,4.769001490312966,67.21311475409836,33.10911808669656,0.2705158567164179,5.921052631578947,44.95614035087719,0.4174691980867565,1.1704500610473965,0.7281758221024764,0.772031693745543,107.7,107.7,2026-09-27
686580,"Slaten, Justin",137,508,31.0,0,36,BOS,28.467153284671532,12.007874015748031,28.346456692913385,5.839416058394161,62.77372262773723,33.33333333333333,0.26921197080291975,4.444444444444445,43.333333333333336,0.7110408787800876,0.7521114237003724,0.8599002614823257,0.7743508546542618,107.7,107.7,2026-09-27
691799,"Taylor, Grant",336,1333,83.1,4,60,CWS,31.547619047619047,12.303075768942236,32.3330832708177,8.928571428571429,60.416666666666664,33.03964757709251,0.26916890476190475,7.537688442211055,47.23618090452261,1.4609569993133629,0.20772548274553637,0.6320716086705191,0.7669180302431394,107.7,107.7,2026-09-27
808967,"Yamamoto, Yoshinobu",709,2740,182.2,28,28,LAD,25.66995768688293,12.2992700729927,28.759124087591243,5.782792665726375,62.482369534555716,33.92101551480959,0.265357406779661,6.498951781970649,48.63731656184486,0.633275061075382,0.7894664507101368,0.8616301675435439,0.7614572264430208,107.6,107.6,2026-09-27
594798,"deGrom, Jacob",671,2747,160.2,31,31,TEX,29.955290611028317,15.835456862031307,29.159082635602473,6.4083457526080485,63.189269746646794,35.06056527590848,0.2876841192250373,7.894736842105263,36.36363636363637,1.428192630146415,0.869200377620099,-0.05759065219652223,0.7466007851899973,107.5,107.5,2026-09-27
596133,"Weaver, Luke",238,908,60.0,0,60,PIT,27.310924369747898,14.537444933920703,28.744493392070485,6.302521008403361,65.12605042016807,34.78260869565217,0.27248636974789914,7.792207792207792,38.311688311688314,1.0357919194226204,0.9948888831530848,0.18430448409433797,0.7383284288900144,107.4,107.4,2026-09-27
669330,"Wells, Tyler",277,1072,71.0,0,57,TB,25.992779783393498,14.832089552238806,30.783582089552237,6.137184115523466,66.06498194945848,34.65160075329567,0.26573344404332133,7.027027027027027,27.56756756756757,1.261668786768465,1.0690863809276958,-0.1150128522153806,0.7385807718269267,107.4,107.4,2026-09-27
656302,"Cease, Dylan",690,2896,167.1,29,29,TOR,34.63768115942029,13.915745856353592,29.83425414364641,11.304347826086957,61.73913043478261,31.75270108043217,0.2659123488372093,5.47945205479452,42.465753424657535,1.5424933527738665,-0.080693334842324,0.7216201024552197,0.7278067067955875,107.3,107.3,2026-09-27
689296,"Nunez, Anthony",256,1005,58.1,0,52,BAL,25.78125,15.024875621890546,30.24875621890547,9.375,64.453125,36.332179930795846,0.303666125,6.289308176100629,42.138364779874216,1.204975248329857,0.7347137058435856,0.2435423702763698,0.7277437748166041,107.3,107.3,2026-09-27
668909,"Williams, Gavin",748,2991,181.0,32,32,CLE,33.155080213903744,14.978268137746573,32.36375794048813,8.155080213903744,62.96791443850267,33.63754889178618,0.30101242245989307,11.36890951276102,44.5475638051044,1.9266921352808806,0.5300502133862276,-0.2778280928028894,0.7263047519547396,107.3,107.3,2026-09-27
682842,"Uribe, Abner",234,927,59.0,0,61,MIL,26.495726495726498,10.248112189859762,31.175836030204962,7.264957264957266,58.119658119658126,26.79324894514768,0.2592684273504274,1.9736842105263157,54.60526315789473,0.7212443358991859,-0.3170456422653036,1.7554867392374975,0.7198951442904599,107.2,107.2,2026-09-27
607192,"Glasnow, Tyler",288,1156,73.0,13,13,LAD,34.02777777777778,12.889273356401384,33.04498269896194,8.333333333333332,61.458333333333336,29.534510433386842,0.26280024999999996,8.536585365853659,41.46341463414634,1.7855069929361467,0.04111189899222317,0.31690972257039596,0.7145095381662553,107.1,107.1,2026-09-27
656641,"Latz, Jacob",271,1152,71.1,1,58,TEX,30.627306273062732,14.67013888888889,28.211805555555557,5.904059040590406,59.40959409594095,35.82342954159593,0.25537667896678967,8.484848484848486,36.96969696969697,1.1872508670818396,0.7239439446492928,0.20127260854145557,0.7041558067575293,107.0,107.0,2026-09-27
552640,"Kittredge, Andrew",215,719,48.0,0,55,BAL,18.6046511627907,11.265646731571627,27.677329624478443,4.651162790697675,67.7570093457944,40.443213296398895,0.30843627906976745,6.134969325153374,43.558282208588956,-0.08116766020386373,1.8679723796308962,0.27879026325025236,0.6885316608924282,106.9,106.9,2026-09-27
663158,"Suarez, Robert",130,488,33.2,0,33,ATL,20.0,11.68032786885246,23.770491803278688,4.615384615384616,65.38461538461539,38.43283582089552,0.28370984615384615,3.0927835051546393,45.36082474226804,-0.45017164862408543,1.5259151157311697,0.9816795561410583,0.6858076744160475,106.9,106.9,2026-09-27
670103,"Burgos, Raymond",82,292,21.1,0,9,BOS,19.51219512195122,9.58904109589041,28.424657534246577,1.2195121951219512,64.63414634146342,32.03125,0.28909,6.153846153846154,53.84615384615385,-0.15557448249231157,1.2942985888152447,0.9031371235480931,0.6806204099570087,106.8,106.8,2026-09-27
663855,"Hicks, Jordan",217,900,47.1,2,53,CWS,29.493087557603687,11.333333333333332,28.666666666666668,13.36405529953917,66.82027649769586,30.04201680672269,0.26261746296296296,1.694915254237288,46.61016949152542,0.7241246831747916,-0.10245326962087,1.4156239046076664,0.679098439387196,106.8,106.8,2026-09-27
543135,"Eovaldi, Nathan",614,2220,144.2,23,27,TEX,23.452768729641694,14.0990990990991,29.234234234234236,5.700325732899023,64.33224755700326,36.40275387263339,0.31833195439739415,8.274231678486997,47.99054373522459,0.8040349513272324,1.149145339480266,0.10097042824114866,0.684716906349549,106.8,106.8,2026-09-27
641329,"Baker, Bryan",244,981,61.2,0,65,TB,25.81967213114754,12.640163098878695,27.93068297655454,8.60655737704918,68.0327868852459,35.87174348697395,0.27197411475409833,7.006369426751593,40.12738853503185,0.5804294744458837,1.036690309567715,0.3678159543261599,0.6616452461132528,106.6,106.6,2026-09-27
681320,"Lavender, Nate",79,294,21.1,0,21,NYM,32.91139240506329,11.564625850340136,31.63265306122449,5.063291139240507,60.75949367088608,29.545454545454547,0.228259746835443,8.16326530612245,30.612244897959183,1.352615721830827,0.3631725443469332,0.22804840643736135,0.6479455575383738,106.5,106.5,2026-09-27
676917,"Cavalli, Cade",707,2782,167.0,32,32,WSH,28.28854314002829,11.682242990654206,29.618979151689434,6.789250353606789,62.0933521923621,32.06483439041578,0.29417262322946175,7.013574660633484,50.678733031674206,0.8222468217271848,0.4842160517389698,0.6084561935103269,0.6383063556588272,106.4,106.4,2026-09-27
800311,"Fuentes, Didier",299,1239,72.0,1,58,ATL,30.76923076923077,14.447134786117838,28.490718321226794,6.354515050167224,60.535117056856194,31.527093596059114,0.27387222818791945,6.593406593406594,39.010989010989015,1.2021215401826886,0.3750700499293937,0.3545858164337803,0.6439258021819542,106.4,106.4,2026-09-27
676263,"Dreyer, Jack",255,1017,61.2,2,66,LAD,27.84313725490196,12.48770894788594,28.908554572271388,7.450980392156863,63.921568627450974,32.06106870229007,0.28748205490196077,6.962025316455696,48.10126582278481,0.811476703248528,0.5392195016005229,0.5681482968756811,0.639614833908244,106.4,106.4,2026-09-27
696519,"Natera Jr., Samy",132,580,31.1,0,28,LAA,36.36363636363637,15.0,30.517241379310345,9.848484848484848,62.878787878787875,27.364864864864863,0.24445942424242426,4.411764705882353,22.058823529411764,1.884715542602142,-0.22036392747210512,0.186078367481293,0.6168099942037767,106.2,106.2,2026-09-27
643377,"Jax, Griffin",463,1732,111.0,23,34,TB,25.05399568034557,13.279445727482678,29.84988452655889,7.343412526997841,65.65874730021598,35.095137420718814,0.31806209110629063,8.49673202614379,47.05882352941176,0.8712653450735338,0.9423094931516136,0.03502425853743655,0.6161996989208613,106.2,106.2,2026-09-27
693855,"Seymour, Ian",551,2136,131.2,16,46,TB,28.67513611615245,13.52996254681648,29.962546816479403,5.807622504537205,65.88021778584393,35.30534351145038,0.2916477676950998,9.971509971509972,35.04273504273504,1.1417568880495512,1.150818178261498,-0.41803087980990045,0.6248480621670496,106.2,106.2,2026-09-27
672282,"Detmers, Reid",740,2960,184.0,32,32,LAA,28.513513513513512,12.702702702702704,29.39189189189189,6.486486486486487,65.27027027027027,32.79022403258656,0.2818743243243243,7.7894736842105265,38.526315789473685,0.9449130619880494,0.808987831241666,0.10427481356269099,0.6193919022641354,106.2,106.2,2026-09-27
669432,"Rogers, Trevor",700,2690,168.0,30,30,BAL,22.428571428571427,11.71003717472119,27.76951672862453,5.571428571428571,69.57142857142857,35.57617942768755,0.2924241085714286,6.800000000000001,39.4,0.22539241546056643,1.4647226081839486,0.16778957210800285,0.619301531917506,106.2,106.2,2026-09-27
657097,"Webb, Jacob",281,1129,64.2,0,67,CHC,25.622775800711743,15.589016829052257,31.355181576616474,8.896797153024911,66.19217081850533,32.469775474956826,0.3183019644128114,7.650273224043716,40.43715846994536,1.416530510945775,0.5731276559065811,-0.14347212244032306,0.6153953481373443,106.2,106.2,2026-09-27
681867,"Criswell, Cooper",168,642,39.0,0,36,SEA,18.452380952380953,8.411214953271028,26.479750778816197,7.142857142857142,68.45238095238095,35.0,0.29627328571428574,4.166666666666666,59.166666666666664,-0.6346900065595434,1.15594692852373,1.3175971063347909,0.6129513427663258,106.1,106.1,2026-09-27
670329,"Garcia, Rico",266,1007,66.0,0,75,BAL,25.563909774436087,14.001986097318769,29.19563058589871,7.142857142857142,60.902255639097746,29.549902152641877,0.26527039097744365,5.202312138728324,42.19653179190752,0.9150769383283279,0.1378472825824643,0.7516539283933988,0.6015260497680637,106.0,106.0,2026-09-27
666974,"Cano, Yennier",206,794,48.2,0,68,BAL,21.844660194174757,10.453400503778337,28.71536523929471,5.825242718446602,59.70873786407766,30.210772833723652,0.2830761756097561,5.594405594405594,62.23776223776224,0.14264106141597785,0.2603374835382762,1.392771810706959,0.5985834518870711,106.0,106.0,2026-09-27
605242,"Fulmer, Michael",61,268,13.2,0,15,NYY,29.508196721311474,15.298507462686567,33.582089552238806,11.475409836065573,68.85245901639344,37.16216216216216,0.30109855737704916,14.705882352941178,38.23529411764706,1.9061411151564112,0.8832708134105064,-0.977075860525015,0.6041120226806341,106.0,106.0,2026-09-27
650960,"Duarte, Daniel",113,463,29.1,0,24,NYM,26.548672566371685,10.367170626349893,26.997840172786177,6.1946902654867255,66.3716814159292,39.166666666666664,0.26095585840707963,6.756756756756757,31.08108108108108,0.19444206483477058,1.4817404275023633,0.11617405651372303,0.5974521829502857,106.0,106.0,2026-09-27
701656,"Henderson, Logan",373,1505,97.0,18,18,MIL,29.49061662198391,12.358803986710964,27.50830564784053,5.093833780160858,67.29222520107238,32.23495702005731,0.2551811581769437,8.29875518672199,31.950207468879665,0.7117933368141731,1.0623232520420076,0.011251675671815656,0.5951227548426655,106.0,106.0,2026-09-27
642397,"Soto, Gregory",285,1161,66.2,0,69,PIT,27.719298245614034,11.369509043927648,30.1464254952627,9.473684210526317,61.75438596491228,30.171073094867808,0.27439903157894735,4.142011834319527,46.15384615384615,0.8138755330957116,-0.011115465495226988,0.9703157378265458,0.5910252684756768,105.9,105.9,2026-09-27
622088,"Antone, Tejay",237,915,55.0,0,58,CIN,24.050632911392405,11.693989071038251,31.80327868852459,6.751054852320674,63.983050847457626,33.47639484978541,0.29659380425531917,7.894736842105263,42.76315789473684,0.8498969384791321,0.7475432307360325,0.1323854590042993,0.5766085427398212,105.8,105.8,2026-09-27
656464,"Ginkel, Kevin",274,1089,66.0,0,73,AZ,25.91240875912409,13.774104683195592,28.37465564738292,5.839416058394161,63.138686131386855,36.37873754152824,0.29133125274725274,9.289617486338798,39.89071038251366,0.798140542690095,1.0461221310233475,-0.11938397175935085,0.5749595673180307,105.7,105.7,2026-09-27
703725,"Gastelum, Luis",152,599,36.1,0,34,STL,28.947368421052634,15.358931552587645,32.220367278797994,7.894736842105263,61.18421052631579,33.73860182370821,0.32712673684210525,9.574468085106384,40.42553191489361,1.7019785882238592,0.4412504116714566,-0.47451286759112493,0.5562387107680636,105.6,105.6,2026-09-27
605540,"Woodruff, Brandon",176,643,44.1,9,9,MIL,26.704545454545453,11.19751166407465,28.771384136858476,5.113636363636364,68.18181818181817,34.32343234323432,0.2627415542857143,7.758620689655173,27.586206896551722,0.54861259097921,1.3073026930764151,-0.1793060210476253,0.5588697543359998,105.6,105.6,2026-09-27
608331,"Fried, Max",435,1696,110.0,20,20,NYY,23.908045977011493,10.318396226415095,27.535377358490564,7.586206896551724,57.24137931034483,30.23255813953488,0.24710424884792628,2.3728813559322033,49.83050847457628,0.09639359891518588,-0.11349039925011989,1.6152955117397478,0.5327329038016045,105.3,105.3,2026-09-27
669622,"Bender, Anthony",140,543,34.1,0,35,MIA,29.28571428571429,8.655616942909761,35.543278084714544,7.857142857142857,60.71428571428571,26.122448979591837,0.25432311428571425,7.142857142857142,44.047619047619044,1.133942212307989,-0.25818372433185416,0.6872827272588703,0.5210137384116683,105.2,105.6,2026-09-27
688158,"Morgan, David",162,607,33.0,0,32,SD,24.074074074074073,14.00329489291598,28.336079077429982,11.728395061728394,59.25925925925925,33.33333333333333,0.30635338271604934,3.125,51.041666666666664,0.7116498810789086,-0.1665879266960789,1.0055645792710228,0.5168755112179508,105.2,105.2,2026-09-27
683003,"Jones, Jared",403,1579,97.0,20,20,PIT,29.280397022332505,14.692843571880937,29.892336922102597,7.6923076923076925,57.81637717121588,32.55813953488372,0.2797902828784119,7.569721115537849,36.65338645418327,1.3275606787172687,0.12012491443887213,0.07180843160374302,0.5064980082532946,105.1,105.1,2026-09-27
669302,"Gilbert, Logan",742,2930,178.2,31,31,SEA,26.549865229110516,13.92491467576792,28.43003412969283,6.199460916442049,66.71159029649596,32.62316910785619,0.29492165182186236,10.103092783505154,39.58762886597938,0.8648954514192867,0.9296507112372788,-0.27080888113213786,0.5079124271748092,105.1,105.1,2026-09-27
695505,"Burns, Chase",630,2569,151.0,29,29,CIN,29.365079365079367,14.36356558972363,28.5325029194239,8.88888888888889,60.15873015873016,34.34692467173463,0.27697719365079365,8.010335917312661,37.98449612403101,1.1102516442935884,0.30886277898262027,0.09945884619513472,0.5061910898237811,105.1,105.1,2026-09-27
592332,"Gausman, Kevin",753,3005,176.0,32,32,CHC,24.43559096945551,12.778702163061565,28.585690515806988,6.108897742363878,62.94820717131474,34.98774509803921,0.30862344680851067,7.722007722007722,41.6988416988417,0.6001209335214367,0.8795669825533134,-0.006058528729579363,0.4912097957817236,104.9,104.9,2026-09-27
800048,"Messick, Parker",732,2890,181.1,31,31,CLE,26.09289617486339,11.141868512110726,26.747404844290656,6.284153005464481,60.5191256830601,31.464379947229553,0.2720012147742818,4.918032786885246,45.08196721311475,0.2389955464845838,0.3763926264633202,0.847801222182636,0.48772979837684666,104.9,104.9,2026-09-27
693433,"Woo, Bryan",711,2670,172.0,30,30,SEA,24.613220815752463,11.722846441947565,25.99250936329588,5.344585091420535,67.79184247538677,34.150076569678404,0.29646308860759496,6.967213114754098,38.31967213114754,0.12859200223323658,1.2380348299442945,0.06140868934985096,0.4760118405091273,104.8,104.8,2026-09-27
694973,"Skenes, Paul",714,2890,171.2,32,32,PIT,28.011204481792717,13.183391003460207,26.67820069204152,6.862745098039216,61.76470588235294,32.33571893298633,0.2802135742296919,7.317073170731707,42.12860310421286,0.6246554759833748,0.47627441881097426,0.33540253157371086,0.47877747545601995,104.8,104.8,2026-09-27
656240,"Blewett, Scott",154,567,35.2,0,25,ATH,22.07792207792208,13.580246913580247,23.985890652557316,6.493506493506493,57.7922077922078,36.392405063291136,0.29826493506493507,4.587155963302752,50.45871559633027,-0.03675970794415965,0.5917840695417103,0.8705443360694128,0.4751895658889878,104.8,104.8,2026-09-27
664991,"Wolfram, Grant",226,906,51.2,0,60,BAL,26.991150442477874,11.258278145695364,27.593818984547465,6.637168141592921,60.88888888888889,32.18884120171674,0.2871509203539823,6.206896551724138,46.206896551724135,0.4204654548612834,0.42647017736669923,0.5865626705997005,0.4778327676092277,104.8,104.8,2026-09-27
641302,"Alexander, Tyler",310,1189,71.2,5,74,TEX,19.35483870967742,9.251471825063078,27.165685449957948,7.096774193548387,66.66666666666666,30.97913322632424,0.2808406731391586,4.054054054054054,51.35135135135135,-0.37564460273420525,0.6799917743534154,1.1434516700028086,0.48259961387400624,104.8,104.8,2026-09-27
670990,"Ramírez, Yohan",363,1442,84.2,1,66,PIT,28.09917355371901,11.44244105409154,29.88904299583911,9.641873278236915,57.4585635359116,29.733333333333334,0.2840970468319559,4.455445544554455,50.0,0.8133925173405564,-0.37511681023247173,1.002916514536678,0.4803974072149209,104.8,104.8,2026-09-27
681911,"Vesia, Alex",235,1015,56.1,0,71,LAD,31.06382978723404,14.77832512315271,30.147783251231523,12.340425531914894,60.851063829787236,32.04419889502763,0.25654051063829786,6.2015503875969,30.23255813953488,1.4817744096840177,-0.23591462064088664,0.19292276138681527,0.4795941834766488,104.8,104.8,2026-09-27
663893,"Little, Brendon",134,574,26.2,0,30,TOR,32.83582089552239,15.505226480836237,30.66202090592334,14.17910447761194,46.26865671641791,30.945558739255013,0.282874776119403,6.349206349206349,60.317460317460316,1.7562255493607106,-1.5390899567538934,1.2155497007676923,0.47756176445816984,104.8,104.6,2026-09-27
643511,"Rogers, Tyler",295,1038,69.2,0,74,TOR,13.559322033898304,6.262042389210019,25.337186897880535,5.762711864406779,68.8135593220339,27.93791574279379,0.26490903050847453,1.7543859649122806,63.1578947368421,-1.3755503553558033,0.7168418155211959,2.097264764736206,0.47951874163386615,104.8,104.8,2026-09-27
806188,"Gibson, Cade",223,881,48.2,1,47,MIA,19.730941704035875,8.740068104426788,29.398410896708288,8.968609865470851,63.22869955156951,31.68103448275862,0.28475655605381167,3.3333333333333335,52.0,-0.13016578494285616,0.28420395361389955,1.2262101535591083,0.46008277407671727,104.6,104.6,2026-09-27
623454,"Anderson, Drew",457,1772,106.2,11,49,DET,24.945295404814004,12.415349887133182,28.49887133182844,9.409190371991247,63.59649122807017,35.336048879837065,0.30568589059080964,8.532423208191126,48.80546075085324,0.5706393480857258,0.582080795570855,0.22364018702884747,0.4587867768951428,104.6,104.6,2026-09-27
667297,"Nance, Tommy",259,986,58.2,0,57,MIN,26.254826254826252,11.561866125760648,29.61460446247465,8.494208494208493,61.003861003861005,34.659090909090914,0.32183672586872586,7.2727272727272725,48.484848484848484,0.6807920194637171,0.44138280253027484,0.21696264294603948,0.44637915498001046,104.5,104.5,2026-09-27
687562,"Bennett, Jake",455,1627,112.0,19,20,BOS,20.0,11.001843884449908,25.26121696373694,4.175824175824175,64.3956043956044,37.42550655542312,0.28587313406593406,7.941176470588235,43.8235294117647,-0.34741900813468857,1.4165956524449825,0.2743325990567123,0.44783641445566874,104.5,104.5,2026-09-27
686218,"Sheehan, Emmet",472,1960,111.0,22,23,LAD,27.966101694915253,14.795918367346939,28.724489795918366,6.779661016949152,59.32203389830508,35.507921714818266,0.2920253728813559,9.698996655518394,35.785953177257525,1.1083975529390786,0.5906101554500814,-0.35481169322809053,0.44806533838702317,104.5,104.5,2026-09-27
693686,"Miles, Spencer",390,1510,94.0,8,49,TOR,23.846153846153847,8.013245033112582,26.423841059602648,6.153846153846154,65.8974358974359,27.323943661971832,0.2701550564102564,3.717472118959108,50.92936802973978,-0.36575326917862033,0.41045116608864635,1.2703912257435401,0.43836304088452205,104.4,104.4,2026-09-27
595345,"Okert, Steven",262,1051,66.2,1,68,HOU,25.954198473282442,14.2721217887726,30.637488106565176,5.343511450381679,59.92366412213741,29.629629629629626,0.27074608429118774,6.857142857142858,28.000000000000004,1.1641629336706807,0.27917585018786967,-0.12252581797944107,0.44027098862636976,104.4,104.4,2026-09-27
669713,"Wesneski, Hayden",246,899,60.2,11,11,HOU,18.69918699186992,10.678531701890991,26.807563959955505,8.130081300813007,69.10569105691057,34.355828220858896,0.30180050406504066,5.056179775280898,44.9438202247191,-0.2688182318127573,1.0338737060944811,0.5397618795693396,0.4349391179503545,104.3,104.3,2026-09-27
657044,"Thompson, Ryan",186,667,40.1,0,46,AZ,15.591397849462366,8.695652173913043,26.686656671664167,5.376344086021505,65.05376344086021,35.8600583090379,0.31208524731182796,4.25531914893617,51.77304964539007,-0.7442072381061214,1.1896052875236525,0.837597096283368,0.42766504856696635,104.3,104.3,2026-09-27
669165,"Hurt, Kyle",199,746,45.1,1,44,LAD,29.145728643216078,16.219839142091153,30.563002680965145,11.055276381909549,57.78894472361809,30.11049723756906,0.2978377487437186,7.758620689655173,43.103448275862064,1.6143600669018154,-0.4786955283380035,0.15256039422078502,0.429408310928199,104.3,104.3,2026-09-27
689254,"Fluharty, Mason",263,1037,61.0,4,82,TOR,24.714828897338403,12.343297974927676,27.57955641272903,9.885931558935361,62.97709923664122,34.65703971119133,0.26323282129277564,5.9880239520958085,36.52694610778443,0.4265548209043302,0.424072884415656,0.4268777132117994,0.4258351395105952,104.3,104.3,2026-09-27
694361,"Klein, Will",189,767,41.0,3,36,LAD,25.925925925925924,9.256844850065189,28.552803129074317,10.052910052910052,59.78835978835979,28.463476070528966,0.29142474074074076,2.586206896551724,56.03448275862068,0.20881453851296994,-0.3673091568501557,1.4315830626202615,0.4243628147610252,104.2,104.2,2026-09-27
702021,"Dion, Will",194,755,45.2,1,26,WSH,27.31958762886598,12.847682119205297,28.47682119205298,8.24742268041237,60.30927835051546,34.5360824742268,0.28280635051546393,7.317073170731707,36.58536585365854,0.771858333995049,0.40901151362354166,0.07243959672209906,0.41776981478022995,104.2,104.2,2026-09-27
669711,"Weissert, Greg",256,998,59.2,0,63,BOS,23.4375,10.02004008016032,26.252505010020037,7.03125,67.96875,32.68101761252446,0.29403084375,5.263157894736842,42.10526315789473,-0.14065431609341136,0.9300537491007317,0.4654395100421937,0.41827964768317133,104.2,104.2,2026-09-27
660853,"De Los Santos, Enyel",302,1159,70.2,0,66,HOU,22.185430463576157,13.63244176013805,26.31578947368421,6.291390728476822,63.90728476821192,33.38954468802699,0.2883274817275748,5.633802816901409,35.68075117370892,0.28151228873404993,0.786639606438572,0.196341085033327,0.4214976600686497,104.2,104.2,2026-09-27
685126,"Eisert, Brandon",189,784,43.2,4,40,PIT,25.925925925925924,13.137755102040815,27.806122448979593,7.4074074074074066,63.49206349206349,29.80132450331126,0.2965591111111111,6.4,41.6,0.6382244913339514,0.31468196824654465,0.2740697984718505,0.4089920860174489,104.1,104.1,2026-09-27
690986,"Harrison, Kyle",507,2107,114.0,24,28,MIL,27.810650887573964,12.33981964878975,29.663028001898432,7.100591715976331,63.70808678500987,32.43494423791822,0.3088058577075099,8.125,37.1875,0.888040514266101,0.5966387145909432,-0.2532573250533424,0.41047396793456725,104.1,104.1,2026-09-27
676620,"Weiman, Blake",79,296,17.2,0,18,LAA,20.253164556962027,10.135135135135135,29.39189189189189,0.0,62.0253164556962,32.83582089552239,0.2730379746835443,10.0,36.666666666666664,0.09041065408371918,1.3033585849689997,-0.1742699455196469,0.406499764511024,104.1,104.1,2026-09-27
664353,"Urquidy, José",164,608,36.0,1,13,PHI,18.29268292682927,10.032894736842106,27.631578947368425,4.2682926829268295,66.46341463414635,32.3943661971831,0.2915936829268293,5.6000000000000005,39.2,-0.2736601717241031,1.1108814029015117,0.3207308936483742,0.38598404160859423,103.9,103.9,2026-09-27
657746,"Ryan, Joe",617,2443,143.1,27,27,MIN,25.76985413290113,11.543184609087188,28.612361850184197,5.024311183144246,66.77471636952998,32.13389121338912,0.29597626580226905,9.975669099756692,37.22627737226277,0.5175288134258388,1.0244045936684794,-0.3660405217023058,0.39196429513067077,103.9,103.9,2026-09-27
668933,"Ashcraft, Graham",152,614,35.0,0,35,CIN,26.31578947368421,12.703583061889251,28.82736156351792,14.473684210526317,57.23684210526315,34.50292397660819,0.2882415263157895,5.813953488372093,53.48837209302325,0.7366496744136425,-0.5193378317067349,0.9393691181357644,0.38556032028089066,103.9,103.9,2026-09-27
676974,"Meyer, Max",465,1791,109.1,20,20,MIA,26.021505376344084,12.39530988274707,29.536571747627022,8.817204301075268,64.30107526881721,31.601272534464474,0.301616474137931,8.532423208191126,43.344709897610926,0.7694845190472868,0.3708485383242824,0.027809177836078797,0.389380745069216,103.9,103.9,2026-09-27
682608,"Gray, Peyton",249,954,55.2,0,49,TEX,24.096385542168676,11.425576519916142,28.511530398322847,5.622489959839357,63.05220883534136,33.047210300429185,0.29504568674698795,7.142857142857142,36.904761904761905,0.3858996718015589,0.7714048227171659,-0.00835152915239131,0.38298432178877784,103.8,103.8,2026-09-27
676604,"Zuber, Tyler",175,694,40.0,0,44,MIA,24.0,9.510086455331413,27.953890489913547,6.2857142857142865,68.57142857142857,29.411764705882355,0.3009536228571429,6.666666666666667,44.166666666666664,0.04697051780992976,0.7699347404322129,0.3082913636954043,0.37506554064584896,103.8,103.8,2026-09-27
621074,"Rucker, Michael",186,757,43.2,0,37,SEA,26.881720430107524,11.624834874504623,29.590488771466315,9.13978494623656,61.29032258064516,33.251231527093594,0.30426969892473116,8.547008547008547,47.008547008547005,0.7245785841135298,0.26469872739690536,0.15806899773237376,0.38244876974760295,103.8,103.8,2026-09-27
668873,"Kilian, Caleb",209,794,48.1,0,49,PHI,26.794258373205743,12.21662468513854,28.085642317380355,9.569377990430622,62.67942583732058,32.67813267813268,0.302239004784689,8.527131782945736,48.837209302325576,0.602850934759146,0.2646165894443188,0.25858062172529356,0.3753493819762528,103.8,103.8,2026-09-27
623211,"Brazobán, Huascar",270,1048,64.1,6,60,CWS,20.74074074074074,11.927480916030534,26.240458015267176,10.37037037037037,63.70370370370371,32.17550274223035,0.2863740223048327,4.972375690607735,50.82872928176796,-0.048336230757684805,0.20258346698642438,0.9506265170128657,0.3682912510805351,103.7,103.7,2026-09-27
676742,"Sanders, Cam",131,551,29.0,0,28,BAL,30.53435114503817,15.60798548094374,31.03448275862069,14.50381679389313,52.67175572519084,30.86816720257235,0.30235593893129775,4.477611940298507,44.776119402985074,1.677942549340992,-1.1682044546497337,0.601315328486137,0.3703511410591318,103.7,103.7,2026-09-27
676962,"Brown, Ben",265,1004,66.2,8,20,CHC,24.528301886792452,11.553784860557768,29.282868525896415,7.169811320754717,58.867924528301884,30.632411067193676,0.2773204679245283,7.262569832402235,44.6927374301676,0.530600299355936,0.0849440332668573,0.48018425298726214,0.3652428618700185,103.7,103.7,2026-09-27
608718,"Suter, Brent",377,1534,88.2,4,54,ATL,20.689655172413794,9.778357235984354,28.61799217731421,6.36604774535809,65.69148936170212,29.5364238410596,0.3047227374005305,6.642066420664207,50.55350553505535,-0.03248726800408793,0.5663768174407877,0.5499355387760662,0.3612750294042553,103.6,103.6,2026-09-27
670062,"Garcia, Julian",180,713,44.2,0,33,CIN,22.77777777777778,11.781206171107995,30.014025245441793,10.555555555555555,60.0,29.863013698630137,0.26365317777777775,4.23728813559322,40.67796610169492,0.5498780520832779,-0.28608035017347144,0.8253614831431645,0.36305306168432366,103.6,103.6,2026-09-27
700712,"Ureña, Walbert",626,2490,146.2,27,29,LAA,22.683706070287542,12.1285140562249,27.751004016064257,10.543130990415335,56.23003194888179,31.672862453531597,0.2816329840255591,5.41871921182266,55.91133004926109,0.2954246121806044,-0.3943105850589192,1.1571622380063518,0.352758755042679,103.5,103.5,2026-09-27
642100,"Speier, Gabe",190,706,45.2,0,54,SEA,23.684210526315788,11.3314447592068,27.620396600566572,6.842105263157896,68.25396825396825,32.30769230769231,0.29559315789473684,10.4,44.0,0.23137396174335115,0.9390025549883303,-0.12560653295755408,0.34825666125804244,103.5,103.5,2026-09-27
687377,"Ribalta, Orlando",178,750,43.1,0,45,WSH,23.595505617977526,13.200000000000001,26.93333333333333,10.112359550561797,63.48314606741573,36.666666666666664,0.29981932584269666,7.627118644067797,39.83050847457627,0.3898683027573637,0.6113183633712441,0.009828653695926115,0.337005106608178,103.4,103.4,2026-09-27
696147,"Bachman, Sam",220,834,47.1,0,44,LAA,22.272727272727273,13.908872901678656,32.014388489208635,12.727272727272727,60.45454545454545,31.41592920353982,0.30819288073394496,8.148148148148149,50.37037037037037,1.069406785023288,-0.36336376414266414,0.3161535049780661,0.34073217528623,103.4,103.4,2026-09-27
663542,"Hudson, Bryan",283,1063,64.2,9,70,CWS,20.848056537102476,9.877704609595485,29.25682031984948,5.6537102473498235,60.7773851590106,25.108225108225106,0.2791996042402827,4.0,47.0,0.07422144414550473,-0.09297909183036708,0.979038301579919,0.3200935512983522,103.2,103.2,2026-09-27
666171,"Zeferjahn, Ryan",304,1299,69.1,0,65,CHC,30.92105263157895,12.16320246343341,29.638183217859893,11.18421052631579,56.76567656765676,26.84659090909091,0.275672303630363,5.625,45.0,1.0512748454990168,-0.8535133566133636,0.718742322588127,0.3055012704912601,103.1,103.1,2026-09-27
657277,"Webb, Logan",669,2489,159.0,27,27,SF,20.029895366218238,9.16030534351145,26.878264363198074,6.128550074738415,62.18236173393124,32.905660377358494,0.30930560837070253,5.8212058212058215,51.767151767151766,-0.38426372598923925,0.6395006570536276,0.6634270504869167,0.3062213271837684,103.1,103.1,2026-09-27
686993,"Sterner, Justin",184,730,41.2,0,46,ATH,21.73913043478261,14.246575342465754,26.164383561643834,6.521739130434782,62.5,33.850129198966414,0.2953617391304348,9.16030534351145,41.221374045801525,0.3177880910881352,0.7006626379086254,-0.08411557957088896,0.31144504980862386,103.1,103.1,2026-09-27
621053,"Ferguson, Tyler",78,293,18.2,0,18,CHC,26.923076923076923,12.627986348122866,30.034129692832767,5.128205128205128,69.23076923076923,35.18518518518518,0.3240458461538462,16.0,34.0,0.9213386932994517,1.4562971770991127,-1.4588407271220856,0.30626504775882624,103.1,102.8,2026-09-27
624133,"Suarez, Ranger",614,2387,146.0,28,28,BOS,22.80130293159609,9.007121910347717,27.188940092165897,7.491856677524431,65.63517915309446,31.376975169300223,0.2932032039151713,5.250596658711217,43.43675417661098,-0.1947411141093319,0.5966109995131953,0.5321666185567313,0.3113455013201982,103.1,103.1,2026-09-27
669060,"Wilson, Bryse",151,558,35.0,0,16,MIL,20.52980132450331,8.064516129032258,25.806451612903224,1.9867549668874174,68.21192052980133,31.557377049180328,0.326085059602649,4.3478260869565215,39.130434782608695,-0.6425839479783023,1.420755008025034,0.14882816065569007,0.30899974023414056,103.1,103.1,2026-09-27
665665,"Sanmartin, Reiver",93,349,21.2,0,24,SF,17.20430107526882,9.169054441260744,27.507163323782237,6.451612903225806,66.66666666666666,32.10526315789474,0.31679870967741935,10.0,62.857142857142854,-0.4738828601917618,0.852270219286212,0.5335718105362388,0.30398638987689636,103.0,103.0,2026-09-27
669062,"Miller, Erik",228,979,51.1,1,57,BOS,32.45614035087719,12.870275791624106,30.439223697650664,13.596491228070176,50.877192982456144,26.984126984126984,0.27231815789473685,5.263157894736842,51.75438596491229,1.3460217633557885,-1.535054139977578,1.0873391504546337,0.29943559127761477,103.0,103.0,2026-09-27
669923,"Kirby, George",744,2764,171.2,30,30,SEA,19.892473118279568,10.89001447178003,25.687409551374817,6.182795698924731,66.12903225806451,34.31022158684775,0.3144529421265141,6.629834254143646,44.19889502762431,-0.3134713849713761,1.0384412552746862,0.18554728643127424,0.3035057189115281,103.0,103.0,2026-09-27
641835,"Mayza, Tim",271,1093,66.2,6,60,PHI,23.616236162361623,9.149130832570906,27.44739249771272,5.904059040590406,64.81481481481481,26.978417266187048,0.29087244280442803,6.382978723404255,49.46808510638298,-0.09176452937672802,0.33116271905634626,0.6686496799680043,0.3026826232158742,103.0,103.0,2026-09-27
666374,"Brash, Matt",66,263,16.1,0,20,SEA,22.727272727272727,11.787072243346007,30.418250950570343,7.575757575757576,60.60606060606061,28.187919463087248,0.3104454769230769,5.0,42.5,0.6004286321853568,-0.05223316121339113,0.3594203881837066,0.3025386197185574,103.0,103.0,2026-09-27
684007,"Imanaga, Shota",704,2799,171.1,31,31,CHC,24.289772727272727,14.255091103965704,27.8313683458378,5.255681818181818,56.53409090909091,35.145888594164454,0.3008939088319088,9.650924024640657,37.782340862423,0.6930685920098455,0.5327756879794426,-0.34751033132326564,0.2927779828886741,102.9,102.9,2026-09-27
668390,"Winn, Cole",215,788,48.1,1,51,TEX,22.790697674418606,13.83248730964467,26.903553299492383,6.976744186046512,61.21495327102804,35.94132029339853,0.3378048930232558,6.7114093959731544,38.25503355704698,0.42258395187647113,0.7414047729794766,-0.3032099097970095,0.28692627168631274,102.9,102.9,2026-09-27
675660,"Drohan, Shane",524,1980,120.2,19,32,MIL,23.473282442748094,11.565656565656566,28.08080808080808,8.396946564885496,66.03053435114504,32.68482490272373,0.3020850478011472,8.547008547008547,41.31054131054131,0.31045578715397043,0.6372234184347533,-0.06594694830168228,0.2939107524290138,102.9,102.9,2026-09-27
573204,"Thielbar, Caleb",212,859,49.0,0,58,CHC,28.30188679245283,12.689173457508732,28.055878928987195,6.60377358490566,65.09433962264151,35.810810810810814,0.325927355450237,10.526315789473683,31.57894736842105,0.7554523296031599,1.0489302599775359,-0.9650849726801426,0.2797658723001844,102.8,102.8,2026-09-27
677960,"Weathers, Ryan",569,2281,136.0,25,25,NYY,25.13181019332162,11.179307321350285,29.89916703200351,6.6783831282952555,60.80843585237259,28.92358258011504,0.3180114366197183,8.59375,49.47916666666667,0.5972745093334351,0.12873114761100057,0.12710094020658932,0.2843688657170083,102.8,102.8,2026-09-27
689266,"Dodd, Dylan",194,783,49.2,0,48,ATL,27.31958762886598,14.17624521072797,24.776500638569605,6.701030927835052,62.88659793814433,34.90566037735849,0.27324740206185566,8.870967741935484,27.419354838709676,0.46851377478430384,0.8007799457347521,-0.4291390318859449,0.28005156287770366,102.8,102.8,2026-09-27
543243,"Gray, Sonny",686,2475,166.0,29,29,BOS,21.720116618075803,10.02020202020202,26.747474747474747,6.705539358600583,62.390670553935855,33.155893536121674,0.3005769927007299,6.832298136645963,46.3768115942029,-0.1810870345333264,0.6109258668129934,0.38566310025784917,0.2718339775125054,102.7,102.7,2026-09-27
656756,"Montgomery, Jordan",94,381,23.1,0,12,TEX,18.085106382978726,9.186351706036746,25.45931758530184,5.319148936170213,58.51063829787234,31.18811881188119,0.2826303404255319,7.142857142857142,61.42857142857143,-0.6853235670599541,0.3182927357323932,1.1640377956406172,0.2656689881043521,102.7,102.7,2026-09-27
592094,"Adam, Jason",142,583,34.0,0,38,SD,15.492957746478872,13.550600343053173,26.58662092624357,7.042253521126761,61.267605633802816,34.394904458598724,0.29993560563380284,7.476635514018691,46.728971962616825,-0.10401147217851485,0.6016527413687954,0.3244379637188649,0.2740264109697152,102.7,102.7,2026-09-27
681676,"Fernandez, Ryan",100,387,22.2,0,17,STL,28.000000000000004,14.728682170542637,28.42377260981912,11.0,56.99999999999999,29.953917050691242,0.2906418,6.557377049180328,40.98360655737705,1.0620282297720125,-0.5424756324438771,0.28391281191441103,0.2678218030808488,102.7,102.7,2026-09-27
673513,"Matsui, Yuki",263,1099,62.2,0,54,SD,25.85551330798479,13.830755232029118,28.57142857142857,12.547528517110266,61.97718631178707,31.621187800963078,0.2720161368821293,7.142857142857142,36.36363636363637,0.8280748823970671,-0.2163086435681337,0.18819901104102588,0.2666550832899864,102.7,102.7,2026-09-27
605400,"Nola, Aaron",746,2955,172.1,33,33,PHI,23.726541554959784,11.573604060913706,28.866328257191203,7.640750670241286,63.94101876675603,33.33333333333333,0.3139065288590604,9.288537549407115,41.10671936758894,0.4297389211762635,0.6310323747622436,-0.2824578828370209,0.2594378043671621,102.6,102.6,2026-09-27
686934,"McFarlane, Alex",73,290,18.0,0,18,PHI,26.027397260273972,11.724137931034482,28.965517241379313,9.58904109589041,50.68493150684932,30.87248322147651,0.2898446575342466,4.25531914893617,48.93617021276596,0.6040430266472973,-0.7520205420601801,0.9279592150977248,0.2599938998949473,102.6,102.6,2026-09-27
621097,"Waguespack, Jacob",183,672,47.0,1,35,DET,19.12568306010929,10.416666666666668,27.529761904761905,9.836065573770492,63.934426229508205,27.647058823529413,0.2716095300546448,4.6875,50.0,-0.18384585599810443,-0.1188291193949058,1.0923983770721584,0.2632411338930494,102.6,102.6,2026-09-27
683769,"Gaddis, Hunter",257,984,60.1,0,68,CLE,22.17898832684825,13.617886178861788,27.03252032520325,8.560311284046692,64.84375,33.52713178294574,0.3094413073929961,7.428571428571429,36.57142857142857,0.37284335543621744,0.6081618043373093,-0.1966487737472337,0.261452128675431,102.6,102.6,2026-09-27
667755,"Soriano, José",747,2921,174.0,32,32,TOR,22.623828647925034,12.084902430674427,28.346456692913385,9.63855421686747,59.036144578313255,32.774674115456236,0.3212808686327078,7.489878542510121,53.84615384615385,0.36368236169231966,0.005403978057779701,0.42486866797245115,0.2646516692408502,102.6,102.6,2026-09-27
701519,"Adams, Travis",247,950,58.2,0,40,MIN,25.101214574898783,12.105263157894736,26.526315789473685,10.121457489878543,65.18218623481782,32.90203327171904,0.3138076923076923,6.25,40.625,0.28019422192528926,0.40020437229449657,0.08674254945997077,0.25571371455991887,102.6,102.6,2026-09-27
702193,"Morris, Andrew",316,1297,72.0,3,63,MIN,21.518987341772153,9.252120277563607,26.137239784117195,7.2784810126582276,65.18987341772153,28.109854604200322,0.2852450759493671,4.128440366972478,45.87155963302752,-0.3774882031969226,0.3015645944818621,0.8564021516742834,0.260159514319741,102.6,102.6,2026-09-27
663947,"Holton, Tyler",302,1130,71.0,3,67,DET,18.211920529801322,9.91150442477876,26.991150442477874,6.291390728476822,63.78737541528239,28.249566724436743,0.30042302990033226,5.429864253393665,52.03619909502263,-0.3788172775064802,0.3257963085968987,0.8098637454335199,0.2522809255079795,102.5,102.5,2026-09-27
678606,"Ferrer, José A.",297,1101,64.1,0,73,SEA,18.181818181818183,8.991825613079019,25.61307901907357,6.0606060606060606,65.993265993266,29.504950495049503,0.312821972972973,6.074766355140187,56.54205607476636,-0.6857159307948946,0.6197801658516652,0.8026050352700386,0.24555642344226972,102.5,102.5,2026-09-27
670059,"Holderman, Colin",223,864,52.1,0,54,CLE,22.421524663677133,11.921296296296296,28.819444444444443,8.520179372197308,56.502242152466366,29.835390946502056,0.30140423423423424,7.746478873239436,55.633802816901415,0.39091277247072426,-0.3071055052074065,0.6585565080499544,0.24745459177109072,102.5,102.5,2026-09-27
682243,"Miller, Bryce",485,1890,116.2,21,22,SEA,24.536082474226802,11.587301587301587,24.55026455026455,7.628865979381444,65.15463917525773,35.477178423236516,0.29531703917525776,7.975460122699387,37.73006134969325,-0.08309126609401174,0.9075901368064381,-0.0820551027319097,0.24748125599350554,102.5,102.5,2026-09-27
605280,"Holmes, Clay",419,1614,101.1,18,18,CHC,18.615751789976134,8.921933085501859,26.95167286245353,10.023866348448687,58.94988066825776,32.837528604118994,0.3033357136038186,4.391891891891892,60.810810810810814,-0.49363338731646955,-0.03892658667801759,1.2920149895474815,0.25315167185099813,102.5,102.5,2026-09-27
663558,"Morán, Jovani",268,1053,64.2,3,49,BOS,26.865671641791046,13.770180436847104,30.10446343779677,11.194029850746269,57.46268656716418,28.9568345323741,0.27716829850746266,7.4074074074074066,40.74074074074074,1.0821285444112227,-0.6192221228660845,0.293262253870234,0.25205622513845743,102.5,102.5,2026-09-27
820862,"Fermin, José",238,987,53.1,0,53,LAA,26.05042016806723,13.37386018237082,29.2806484295846,9.663865546218489,57.14285714285714,32.10831721470019,0.3282695294117647,7.482993197278912,46.25850340136054,0.870683998650878,-0.19114369685437335,0.03297365942169008,0.23750465373939822,102.4,102.4,2026-09-27
664076,"Cleavinger, Garrett",181,738,40.2,0,51,TB,29.83425414364641,12.059620596205962,28.04878048780488,11.049723756906078,61.87845303867403,33.81995133819951,0.3175265414364641,7.766990291262135,39.80582524271845,0.7628663238278542,0.14003471700164502,-0.17814293886442736,0.24158603398835732,102.4,102.4,2026-09-27
518585,"Cruz, Fernando",234,952,54.0,0,61,NYY,28.63247863247863,16.176470588235293,32.563025210084035,12.82051282051282,57.26495726495726,29.304029304029307,0.282496170940171,9.022556390977442,32.33082706766917,1.838515535633043,-0.787277057534732,-0.3257516759778097,0.24182893404016706,102.4,102.4,2026-09-27
686613,"Brown, Hunter",453,1881,104.2,20,20,HOU,27.373068432671083,10.63264221158958,28.86762360446571,12.141280353200882,56.07064017660044,27.45861733203505,0.2804686710816777,5.970149253731343,57.08955223880597,0.5254225787344925,-0.9577993657155769,1.1483204370002442,0.23864788333971995,102.4,102.4,2026-09-27
682989,"Mederos, Victor",148,588,34.1,0,30,ATL,22.972972972972975,12.925170068027212,26.02040816326531,9.45945945945946,57.432432432432435,33.92857142857143,0.28884275675675675,3.125,35.41666666666667,0.19507351448903756,0.012870374872530213,0.5012222880933912,0.23638872581831963,102.4,102.4,2026-09-27
543037,"Cole, Gerrit",520,1953,125.2,22,22,NYY,25.192307692307693,9.62621607782898,28.366615463389657,4.807692307692308,68.84615384615384,29.074889867841406,0.29930808461538466,8.913649025069638,34.26183844011142,0.1897103208136407,0.9275486511715362,-0.3892878240707233,0.24265704930481782,102.4,102.4,2026-09-27
489446,"Yates, Kirby",178,726,41.2,1,46,PIT,27.52808988764045,12.947658402203857,26.446280991735538,9.550561797752808,56.17977528089888,35.25,0.28439813483146065,5.555555555555555,33.33333333333333,0.5327390664033554,0.02946768347654527,0.14298252705955047,0.2350630923131504,102.4,102.4,2026-09-27
605447,"Romano, Jordan",153,648,34.1,0,38,COL,25.49019607843137,12.5,31.17283950617284,11.76470588235294,58.82352941176471,32.4712643678161,0.29453066666666666,5.319148936170213,31.914893617021278,0.9650848073889642,-0.27764323947768726,0.015578548544228207,0.2343400388185017,102.3,102.3,2026-09-27
690978,"Fulton, Dax",122,479,28.2,0,16,MIA,23.770491803278688,10.855949895615867,27.348643006263046,12.295081967213115,62.295081967213115,27.44360902255639,0.2960332131147541,5.194805194805195,55.84415584415584,0.1365573755622432,-0.5326023510140838,1.0454957353113776,0.21648358661984568,102.2,102.2,2026-09-27
663556,"McClanahan, Shane",487,1830,117.0,24,24,TB,21.765913757700204,11.857923497267759,28.36065573770492,8.008213552361395,63.65503080082136,31.58458244111349,0.320926546201232,8.902077151335313,46.88427299703264,0.28218008183983273,0.41506944600189133,-0.051704252082465506,0.21518175858641952,102.2,102.2,2026-09-27
660761,"Suarez, José",277,1073,60.0,2,45,ATH,22.021660649819495,12.39515377446412,26.001863932898416,9.386281588447654,60.28880866425993,32.1608040201005,0.315353559566787,2.6881720430107525,40.86021505376344,0.06241880746029308,0.06935117428082728,0.53804045069288,0.2232701441446668,102.2,102.2,2026-09-27
677020,"Walker, Josh",126,513,30.1,0,31,BAL,23.015873015873016,9.35672514619883,24.171539961013643,7.936507936507936,61.111111111111114,29.389312977099237,0.2572948571428571,3.571428571428571,44.047619047619044,-0.5286071481026459,0.04858392525728314,1.1160921721691366,0.21202298310792464,102.1,102.1,2026-09-27
680744,"Madden, Ty",181,720,43.0,1,19,DET,23.756906077348066,11.38888888888889,25.0,7.734806629834254,61.32596685082873,31.566265060240962,0.27148632044198895,5.785123966942149,38.01652892561984,-0.09895256727308543,0.2783492401139334,0.4380889555923336,0.20582854281106053,102.1,102.1,2026-09-27
689225,"Brieske, Beau",91,357,22.1,0,17,DET,23.076923076923077,10.644257703081232,24.92997198879552,6.593406593406594,64.83516483516483,32.432432432432435,0.29965142857142857,7.8125,43.75,-0.25086774983449095,0.7343410838842136,0.15613781164383103,0.21320371523118456,102.1,102.1,2026-09-27
684974,"Yoho, Craig",165,635,38.0,0,34,CLE,24.848484848484848,12.125984251968504,29.92125984251969,10.909090909090908,63.63636363636363,31.896551724137932,0.31083573333333336,8.823529411764707,41.17647058823529,0.7113719919249647,0.11212344715468016,-0.19062625659224766,0.21095639416246573,102.1,102.1,2026-09-27
676534,"Faucher, Calvin",288,1147,67.0,0,68,MIA,24.65277777777778,10.026155187445509,28.50915431560593,12.152777777777777,57.291666666666664,28.414442700156982,0.2947268333333333,4.519774011299435,55.932203389830505,0.22961856174175246,-0.78790514836356,1.1481579408085005,0.19662378472889766,102.0,102.0,2026-09-27
666277,"Soriano, George",290,1171,65.2,0,70,STL,22.758620689655174,12.980358667805294,29.20580700256191,11.379310344827587,63.32179930795848,33.43898573692552,0.32413998620689655,9.13978494623656,45.16129032258064,0.6058870257377732,0.1720726262982075,-0.18684728824204075,0.19703745459797997,102.0,102.0,2026-09-27
621383,"Banks, Tanner",176,673,36.1,1,32,PHI,21.59090909090909,9.806835066864785,26.59732540861813,7.954545454545454,69.88636363636364,31.268436578171094,0.31302654545454545,6.557377049180328,38.52459016393443,-0.2376042151216864,0.8377941681831568,-0.03541213899880006,0.18825927135422346,101.9,101.9,2026-09-27
687570,"Prielipp, Connor",536,2069,123.2,22,24,MIN,23.88059701492537,10.00483325277912,26.872885451909134,8.208955223880597,64.92537313432835,30.36053130929791,0.30665332835820897,6.478873239436619,43.38028169014084,-0.034480352269765854,0.3751964018018617,0.24413554133464124,0.19495053028891238,101.9,101.9,2026-09-27
622608,"Senzatela, Antonio",311,1173,73.0,0,57,MIL,19.292604501607716,9.88917306052856,25.404944586530263,7.717041800643088,66.88102893890675,30.76923076923077,0.3097614919614148,6.278026905829597,48.87892376681614,-0.523047136210037,0.6064499190885448,0.4764795861386259,0.18662745633904457,101.9,101.9,2026-09-27
678022,"Perkins, Jack",541,2110,120.0,17,37,ATH,25.87800369685767,12.322274881516588,28.578199052132703,9.057301293900185,60.62846580406654,34.332425068119896,0.31553049907578556,8.823529411764707,37.35294117647059,0.6254855842503292,0.3219870871105874,-0.39974849253450856,0.18257472627546933,101.8,101.8,2026-09-27
694297,"Pfaadt, Brandon",562,2038,136.0,19,29,AZ,16.72597864768683,9.764474975466143,25.76054955839058,5.5160142348754455,66.37010676156584,32.095238095238095,0.30465995017793596,7.209302325581396,45.348837209302324,-0.6506595747337046,0.9363669382309671,0.2542572872224041,0.1799882169065555,101.8,101.8,2026-09-27
680732,"Burke, Sean",722,2880,169.1,27,32,CWS,25.62326869806094,11.145833333333334,28.229166666666668,8.587257617728532,63.711911357340725,31.662087912087912,0.2976685983379502,8.278867102396514,35.947712418300654,0.4044950376194783,0.3602616830819491,-0.21993320933437932,0.18160783712234937,101.8,101.8,2026-09-27
678394,"Bello, Brayan",503,1916,114.2,11,26,BOS,18.290258449304176,11.012526096033403,25.78288100208768,6.759443339960239,63.41948310139165,32.569721115537845,0.3370524532803181,7.336956521739131,53.53260869565217,-0.3824652279933107,0.6266121919811792,0.2804381202516531,0.17486169474650723,101.7,101.7,2026-09-27
681544,"Olds, Wyatt",64,266,15.0,0,13,BOS,31.25,14.285714285714285,28.195488721804512,10.9375,53.125,29.71014492753623,0.2820939375,8.333333333333332,41.66666666666667,1.1710437800334,-0.833224662095418,0.1675141687751617,0.1684444289043812,101.7,101.7,2026-09-27
686790,"McDonald, Trevor",310,1138,70.1,14,14,SF,18.387096774193548,8.963093145869948,27.592267135325134,7.419354838709677,58.70967741935483,29.25170068027211,0.31025149677419356,4.147465437788019,54.377880184331794,-0.41829721272970977,-0.07614565932987921,0.9808460103338664,0.16213437942475914,101.6,101.6,2026-09-27
668984,"Legumina, Casey",300,1132,70.1,6,54,TB,18.333333333333332,9.540636042402827,24.646643109540637,5.333333333333334,68.0,32.45283018867924,0.31495838666666665,6.422018348623854,41.74311926605505,-0.728256890047502,1.1048096041996538,0.10179025876599261,0.15944765763938146,101.6,101.6,2026-09-27
664126,"Fairbanks, Pete",184,768,41.0,1,46,MIA,30.978260869565215,13.020833333333334,33.07291666666667,10.869565217391305,66.30434782608695,31.127450980392158,0.32068118032786885,11.76470588235294,24.509803921568626,1.62028607244455,0.23922694419168888,-1.377328282795263,0.16072824461365856,101.6,101.6,2026-09-27
681217,"Silseth, Chase",267,1097,59.1,0,72,TEX,27.340823970037455,13.947128532360983,28.71467639015497,11.610486891385769,62.172284644194754,30.136986301369863,0.3047010786516854,9.032258064516128,39.35483870967742,0.9535597196203502,-0.22669989698523876,-0.23707642401605225,0.16326113287301974,101.6,101.6,2026-09-27
669093,"Estrada, Jeremiah",126,513,30.2,0,33,SD,30.158730158730158,13.450292397660817,27.09551656920078,12.698412698412698,57.936507936507944,31.893687707641195,0.285095873015873,6.944444444444445,37.5,0.8469635443690015,-0.49765127492857747,0.13759262473032866,0.1623016313902509,101.6,101.6,2026-09-27
808963,"Sasaki, Roki",521,2086,120.0,23,25,LAD,23.224568138195778,13.662511984659636,27.804410354745922,9.213051823416507,60.84452975047985,33.45323741007194,0.31817274472168905,9.855072463768117,43.188405797101446,0.5438436235603974,0.24236639770411605,-0.3062391245334342,0.15999029891035974,101.6,101.6,2026-09-27
548384,"Raley, Brooks",224,846,52.0,0,61,PHI,22.767857142857142,10.520094562647754,29.078014184397162,8.482142857142858,62.94642857142857,31.03448275862069,0.3060905178571428,6.666666666666667,36.666666666666664,0.255641662893516,0.26236084504919677,-0.0630441850280709,0.1516527743048806,101.5,101.5,2026-09-27
656848,"Petersen, Michael",267,1111,62.2,0,64,MIA,30.337078651685395,12.961296129612961,27.27272727272727,9.737827715355806,60.67415730337079,33.9041095890411,0.2843306666666666,11.920529801324504,35.76158940397351,0.814646845003656,0.21035987660833813,-0.5667918692852734,0.1527382841089069,101.5,101.5,2026-09-27
676775,"Winn, Keaton",177,648,42.0,0,44,SF,18.64406779661017,10.185185185185185,26.69753086419753,9.03954802259887,64.40677966101694,27.743902439024392,0.30467873446327687,4.878048780487805,49.59349593495935,-0.3535751846639417,0.013738058610372287,0.7349091008244523,0.13169065825696094,101.3,101.3,2026-09-27
647336,"Soroka, Michael",456,1763,110.1,20,21,AZ,24.12280701754386,9.926262053318208,25.921724333522405,5.701754385964912,62.28070175438597,34.18803418803419,0.31001614065934063,8.064516129032258,37.096774193548384,-0.1546690409568897,0.8077712384884695,-0.2609652624908203,0.13071231168025318,101.3,101.3,2026-09-27
669199,"Bachar, Lake",352,1421,84.1,12,52,PIT,25.28409090909091,12.526389866291343,28.430682617874737,9.943181818181818,60.51136363636363,28.626444159178433,0.2906791477272727,7.727272727272727,40.0,0.5975502058649199,-0.2889526572812378,0.0915300548849322,0.13337586782287145,101.3,101.3,2026-09-27
687064,"Young, Brandon",672,2530,153.2,28,28,BAL,19.791666666666664,11.027667984189723,25.92885375494071,9.077380952380953,65.02976190476191,33.72693726937269,0.3181809345238095,6.823027718550106,42.857142857142854,-0.26938563004865995,0.5803563865837068,0.0675744094485881,0.126181721994545,101.3,101.3,2026-09-27
695418,"Lord, Brad",357,1476,82.1,5,40,WSH,21.568627450980394,8.468834688346885,25.474254742547426,8.403361344537815,63.86554621848739,29.0414878397711,0.3060314173669468,6.302521008403361,55.46218487394958,-0.5674943731769888,0.16148161227238328,0.7918561882927881,0.12861447579606086,101.3,101.3,2026-09-27
656492,"Griffin, Foster",721,2835,171.2,31,31,CLE,21.914008321775313,9.841269841269842,27.44268077601411,6.2413314840499305,61.44244105409153,31.970006816632583,0.3180577253814147,8.267716535433072,45.47244094488189,-0.10262482618186348,0.4915990053178106,-0.003791685149109806,0.1283941646622791,101.3,101.3,2026-09-27
690997,"McLean, Nolan",749,2915,175.2,31,31,NYM,25.901201602136183,9.5368782161235,28.30188679245283,9.345794392523365,59.546061415220294,27.95558458523841,0.2916348663101604,6.41025641025641,45.94017094017094,0.2125253812475126,-0.34907014656511537,0.5062716459437919,0.12324229354206306,101.2,101.2,2026-09-27
696062,"Dotel, Wilber",182,712,42.0,2,22,PIT,22.52747252747253,10.112359550561797,25.98314606741573,8.241758241758241,59.89010989010989,28.08022922636103,0.30124010989010985,4.0,47.199999999999996,-0.2190581187935089,-0.18832418484045313,0.7772680692430983,0.12329525520304545,101.2,101.2,2026-09-27
681870,"Sabrowski, Erik",203,833,48.0,0,60,CLE,37.4384236453202,13.445378151260504,30.012004801920767,14.285714285714285,55.172413793103445,29.6127562642369,0.25378189162561576,6.382978723404255,20.212765957446805,1.6733606430167878,-1.0755711823753746,-0.23456469086004553,0.12107492326045588,101.2,101.2,2026-09-27
671162,"Thomas, Connor",114,408,24.0,0,18,KC,14.912280701754385,8.823529411764707,24.754901960784316,7.894736842105263,69.2982456140351,27.488151658767773,0.3270098596491228,4.651162790697675,56.97674418604651,-1.0209766092896937,0.4699856589165105,0.8681028119458345,0.10570395385755045,101.1,101.1,2026-09-27
674444,"Cruz, Steven",246,939,58.1,2,56,KC,26.422764227642276,13.312034078807242,26.411075612353567,7.317073170731707,63.00813008130082,27.9445727482679,0.3116199837398374,11.39240506329114,46.20253164556962,0.509933510466747,0.12702791599932964,-0.3109583991752628,0.10866767576360459,101.1,101.1,2026-09-27
664129,"Hartlieb, Geoff",116,408,26.0,0,17,ATH,18.103448275862068,12.990196078431374,26.715686274509803,11.206896551724139,62.93103448275862,33.93665158371041,0.3049766551724138,6.172839506172839,39.50617283950617,-0.0033862246835585086,0.20755094637439728,0.13282665467496527,0.11233045878860133,101.1,101.1,2026-09-27
691725,"Painter, Andrew",553,2127,125.1,23,25,PHI,20.795660036166367,11.330512458862248,26.79830747531735,8.499095840867993,62.38698010849909,33.78136200716846,0.31994506329113925,8.051948051948052,43.63636363636363,-0.053110787588830706,0.46224526473453914,-0.07308911152324939,0.11201512187415302,101.1,101.1,2026-09-27
699823,"Davis, Tyler",129,497,31.2,0,31,CWS,20.930232558139537,10.46277665995976,24.14486921529175,10.852713178294573,66.66666666666666,34.645669291338585,0.28600248062015504,5.88235294117647,37.64705882352941,-0.5096074144268771,0.576565778496054,0.27121599504677346,0.11272478637198345,101.1,101.1,2026-09-27
681035,"Scott, Christian",474,1965,108.2,23,23,NYM,28.270042194092827,12.111959287531807,27.07379134860051,9.915611814345992,61.39240506329114,29.759519038076153,0.29724689451476793,6.338028169014084,32.74647887323944,0.5467228571757442,-0.12327951383055526,-0.10503489329228292,0.10613615001763534,101.1,101.1,2026-09-27
595014,"Treinen, Blake",130,499,29.0,0,36,LAD,23.846153846153847,11.623246492985972,28.0561122244489,8.461538461538462,60.76923076923077,34.58646616541353,0.3400117846153846,10.588235294117647,47.05882352941176,0.33788084501406623,0.4219629636871829,-0.44220423345214765,0.10587985841636716,101.1,101.1,2026-09-27
670245,"Watson, Ryan",307,1146,72.0,0,53,LAA,21.172638436482085,11.431064572425829,27.31239092495637,6.840390879478828,64.82084690553745,33.38954468802699,0.3292965342019544,9.722222222222223,40.27777777777778,0.050837638897713096,0.7895235155931802,-0.5204858472754382,0.1066251024051517,101.1,101.1,2026-09-27
677961,"Wilcox, Cole",124,492,27.0,0,23,SEA,22.58064516129032,12.804878048780488,30.284552845528456,12.903225806451612,62.903225806451616,31.007751937984494,0.3521689756097561,6.578947368421052,44.73684210526316,0.7121887643031325,-0.24458620505428452,-0.14480068096895365,0.10760062609329811,101.1,101.1,2026-09-27
676428,"Hurter, Brant",143,511,35.1,0,29,DET,16.783216783216783,7.632093933463796,27.984344422700584,9.79020979020979,59.44055944055944,27.6,0.304697006993007,2.912621359223301,59.22330097087378,-0.6460028957417944,-0.43829777583200547,1.4001593605389573,0.10528622965505245,101.1,101.1,2026-09-27
676617,"O'Brien, Riley",277,1075,63.1,0,66,STL,23.104693140794225,10.790697674418604,28.27906976744186,9.025270758122744,64.25992779783394,29.166666666666668,0.3385073188405797,7.514450867052023,47.398843930635834,0.20856545572709242,0.1300789354437574,-0.01976228965879338,0.10629403383735214,101.1,101.1,2026-09-27
668941,"Romero, JoJo",238,930,56.0,0,55,MIL,22.689075630252102,7.956989247311828,29.354838709677416,6.722689075630252,60.924369747899156,27.607361963190186,0.3199558319327731,7.4074074074074066,51.23456790123457,-0.06106149173981575,0.016153928826368274,0.3358416101404904,0.09697801574234764,101.0,101.0,2026-09-27
663362,"Waldron, Matt",195,690,42.0,4,17,WSH,16.923076923076923,7.971014492753622,25.072463768115945,5.641025641025641,63.07692307692307,31.470588235294116,0.28951735384615385,5.405405405405405,44.5945945945946,-0.9720993922120185,0.6323306299140183,0.5972865697405665,0.08583926914752212,100.9,100.9,2026-09-27
663567,"Lambert, Peter",658,2603,151.2,28,28,HOU,23.252279635258358,10.833653476757588,26.238955051863233,8.966565349544073,63.981762917933125,31.10949963741842,0.2968535623100304,6.944444444444445,37.5,-0.04327913142574682,0.2878568433199596,0.025371642928229094,0.08998311827414729,100.9,100.9,2026-09-27
695549,"Jobe, Jackson",194,771,45.1,9,9,DET,26.288659793814436,10.116731517509727,25.421530479896237,8.24742268041237,59.79381443298969,32.22748815165877,0.2989458144329897,9.01639344262295,47.540983606557376,-0.06156930000490879,0.169101556414359,0.17167847625780244,0.09307024422241755,100.9,100.9,2026-09-27
669084,"Hall, DL",236,973,58.2,1,46,MIL,26.69491525423729,10.894141829393627,30.01027749229188,14.40677966101695,60.59322033898306,25.984251968503933,0.2844537191489362,5.88235294117647,45.588235294117645,0.6687926579732183,-1.0219491208572762,0.6272639003620223,0.09136914582598814,100.9,100.9,2026-09-27
677053,"Nardi, Andrew",99,378,22.2,0,25,MIA,27.27272727272727,13.227513227513226,30.158730158730158,11.11111111111111,68.68686868686868,29.47368421052631,0.3467932525252525,13.333333333333334,43.333333333333336,1.0404551800179238,0.23623974238585044,-1.0184256405543957,0.08608976061645952,100.9,100.9,2026-09-27
702056,"Yesavage, Trey",402,1619,97.0,20,20,TOR,24.129353233830848,13.52686843730698,28.16553428042001,11.691542288557214,59.452736318407965,30.033003300330037,0.28257354228855724,6.666666666666667,34.90196078431372,0.6280399419852242,-0.43901896535406176,0.08557617895610159,0.09153238519575467,100.9,100.9,2026-09-27
693308,"Frasso, Nick",96,377,21.0,0,19,COL,21.875,9.814323607427056,26.25994694960212,7.291666666666667,62.5,33.16326530612245,0.32348295833333335,4.545454545454546,34.84848484848485,-0.2632981774351864,0.5528841806298758,-0.03564768437688074,0.08464610627260287,100.8,100.8,2026-09-27
701542,"Warren, Will",677,2646,155.0,29,32,NYY,23.338257016248154,9.297052154195011,28.080120937263793,7.828655834564254,62.186115214180205,29.39521800281294,0.32188854948301326,7.18954248366013,45.53376906318083,-0.005978906558915291,0.1380136545454255,0.10029606471426235,0.07744360423359085,100.8,100.8,2026-09-27
606996,"Hart, Kyle",268,1071,62.1,4,46,SD,22.01492537313433,9.337068160597573,28.197945845004668,9.701492537313433,62.172284644194754,27.549194991055455,0.2916602089552239,8.333333333333332,51.66666666666667,-0.06617571912534133,-0.2378615627475631,0.5059512261048787,0.06730464807732478,100.7,100.7,2026-09-27
571510,"Boyd, Matthew",522,1957,123.1,22,22,CHC,18.39080459770115,10.168625447112928,26.520183955033218,7.471264367816093,66.66666666666666,32.121807465618865,0.3295947769230769,7.671957671957672,43.12169312169312,-0.3945182447879047,0.7380600542721387,-0.13866613532583158,0.06829189138613415,100.7,100.7,2026-09-27
642121,"Sulser, Cole",236,950,55.2,2,51,TB,23.728813559322035,12.842105263157894,24.526315789473685,5.508474576271186,62.28813559322034,35.543278084714544,0.3230675423728813,11.65644171779141,38.65030674846626,0.03474660947284136,0.949480737404263,-0.7785691814407735,0.06855272181211029,100.7,100.7,2026-09-27
596001,"Junis, Jakob",230,835,53.2,1,52,TEX,16.08695652173913,7.544910179640718,27.784431137724553,5.217391304347826,62.17391304347826,29.899497487437188,0.32008400000000004,3.4682080924855487,42.19653179190752,-0.7266140776931405,0.47773065999614506,0.4504667972260885,0.06719445984303103,100.7,100.7,2026-09-27
664285,"Valdez, Framber",758,2771,173.0,31,31,DET,17.810026385224276,8.733309274630098,26.127751714182608,8.839050131926122,61.477572559366756,30.837912087912088,0.32074985224274405,5.535055350553505,56.27306273062731,-0.6763032959102472,0.09980966554252331,0.7844653961472656,0.06932392192651393,100.7,100.7,2026-09-27
621112,"Blackburn, Paul",337,1242,84.0,2,62,NYY,20.474777448071215,9.339774557165862,25.523349436392916,9.495548961424333,60.23738872403561,28.402366863905325,0.29589140476190473,5.579399141630901,54.93562231759657,-0.509784771033401,-0.2774337652847591,0.9585744209611792,0.05711862821433966,100.6,100.6,2026-09-27
695380,"Hoppe, Alex",192,741,42.2,0,42,BAL,24.479166666666664,10.931174089068826,25.506072874493928,9.375,59.895833333333336,26.683937823834196,0.30937966666666666,4.098360655737705,46.72131147540984,-0.05072053012742563,-0.43933344325256307,0.6664180057108163,0.05878801077694255,100.6,100.6,2026-09-27
593974,"Peralta, Wandy",323,1230,75.1,5,65,SD,15.479876160990713,10.325203252032521,22.84552845528455,6.811145510835913,62.848297213622295,33.23485967503693,0.31789794427244583,4.489795918367347,47.755102040816325,-1.031915279857315,0.6385355153572835,0.5794348076451136,0.062018347715027344,100.6,100.6,2026-09-27
675512,"Melton, Troy",471,1773,113.1,20,20,DET,19.957537154989385,10.772701635645799,25.211505922165824,7.855626326963907,60.29723991507431,31.630434782608695,0.30215643404255316,6.024096385542169,43.373493975903614,-0.3876357629351521,0.19691547711104154,0.3449796416118697,0.051419785262586386,100.5,100.5,2026-09-27
621366,"Borucki, Ryan",104,385,23.2,0,21,SF,14.423076923076922,12.987012987012985,25.97402597402597,7.6923076923076925,58.65384615384615,30.845771144278604,0.3108725384615385,5.128205128205128,44.871794871794876,-0.32614928085851047,0.02917892727825186,0.4408589769145374,0.047962874444759586,100.5,100.5,2026-09-27
666808,"Doval, Camilo",271,1035,58.2,0,65,SF,23.985239852398525,11.400966183574878,26.28019323671498,11.07011070110701,57.19557195571956,28.9568345323741,0.3009168118081181,6.508875739644971,52.662721893491124,0.08403643259449155,-0.6242173459778182,0.6939525491784327,0.05125721193170204,100.5,100.5,2026-09-27
680899,"Tolman, Erik",61,269,14.0,0,14,WSH,24.59016393442623,13.382899628252787,28.25278810408922,13.114754098360656,50.81967213114754,28.125,0.2961481967213115,5.263157894736842,52.63157894736842,0.6481141317712803,-1.3841194235580794,0.8975905956257723,0.05386176794632439,100.5,100.5,2026-09-27
663969,"Phillips, Tyler",540,2037,125.0,20,37,MIA,18.703703703703702,11.389297987236132,29.504172803141877,10.37037037037037,60.18518518518518,32.47941445562672,0.33204506666666667,7.957559681697612,47.745358090185675,0.18052306346873237,-0.02163571296560729,8.60031545460993e-05,0.05299111788589039,100.5,100.5,2026-09-27
676106,"Hancock, Emerson",569,2176,137.1,25,25,SEA,22.144112478031637,10.753676470588236,24.264705882352942,5.448154657293498,64.67486818980667,28.5442435775452,0.3068999012345679,8.728179551122196,43.89027431421446,-0.38010374515363776,0.5106815761098266,-0.02423163812647325,0.03544873094323852,100.4,100.4,2026-09-27
642232,"Yarbrough, Ryan",270,1064,62.0,2,38,NYY,18.14814814814815,10.902255639097744,27.44360902255639,8.148148148148149,60.370370370370374,27.977315689981097,0.2852976417910448,3.6458333333333335,35.41666666666667,-0.18902596270908692,-0.15250614927176817,0.4683874646375676,0.042285117552237496,100.4,100.4,2026-09-27
689818,"Sandlin, David",167,638,40.0,6,8,CWS,23.952095808383234,9.717868338557993,27.74294670846395,7.784431137724551,59.88023952095808,29.88165680473373,0.3074568383233533,8.849557522123893,46.017699115044245,0.044676011163161146,0.02136553265673662,0.046339679765631935,0.03746040786184323,100.4,100.4,2026-09-27
680736,"Wrobleski, Justin",572,2117,137.1,22,27,LAD,20.104895104895103,9.40009447331129,26.830420406235238,5.244755244755245,65.38461538461539,32.07739307535641,0.3274583216783217,9.523809523809524,41.66666666666667,-0.3533626176926113,0.8952762766891111,-0.4178561591918002,0.0413524999348999,100.4,100.4,2026-09-27
669467,"Pallante, Andre",656,2551,154.1,28,28,STL,16.158536585365855,8.58486867894943,25.98980791846335,7.4695121951219505,62.19512195121951,26.143292682926827,0.30857516335877866,4.684317718940937,56.82281059063137,-0.8156255125036633,-0.10675591733494823,1.0331930389618798,0.036937203041089384,100.4,100.4,2026-09-27
687273,"Mathews, Quinn",212,867,48.2,9,9,STL,21.69811320754717,10.611303344867359,26.75893886966551,9.433962264150944,63.20754716981132,26.0,0.3031931698113207,4.861111111111112,43.05555555555556,-0.1006640887714849,-0.2699935703688847,0.4702933765248327,0.03321190579482103,100.3,100.3,2026-09-27
646241,"De Jesus, Enmanuel",178,669,42.1,0,30,DET,21.910112359550563,10.612855007473842,28.251121076233183,8.426966292134832,62.92134831460674,29.48328267477204,0.3293505842696629,7.377049180327869,41.80327868852459,0.1076097657698983,0.13033368912757867,-0.1552424735053239,0.027566993797384347,100.3,100.3,2026-09-27
641745,"Keller, Brad",135,533,30.2,0,32,PHI,23.703703703703706,9.193245778611631,25.89118198874296,9.62962962962963,59.25925925925925,28.027681660899656,0.2814862518518519,4.545454545454546,44.31818181818182,-0.28386963688732775,-0.39537978847660166,0.7721416178381894,0.03096406415808665,100.3,100.3,2026-09-27
680730,"Parker, Mitchell",178,665,39.2,0,22,WSH,19.101123595505616,13.233082706766917,28.87218045112782,7.303370786516854,58.98876404494382,32.02416918429003,0.3435541797752809,8.527131782945736,40.310077519379846,0.3726213948961062,0.20087976617618838,-0.5021978249251365,0.023767778715719334,100.2,100.2,2026-09-27
645261,"Alcantara, Sandy",895,3283,208.2,33,35,MIA,16.983240223463685,9.351203167834298,25.007614986293024,6.592178770949721,62.79329608938548,31.0919185687847,0.29977470693512304,5.522388059701493,42.38805970149254,-0.789463662921778,0.4708839999498237,0.38958664305664076,0.02366899336156214,100.2,100.2,2026-09-27
641816,"Mahle, Tyler",615,2404,147.0,27,27,ATL,22.276422764227643,9.692179700499167,27.204658901830282,7.479674796747967,58.86178861788618,28.895849647611588,0.3037016845528455,6.775700934579438,44.39252336448598,-0.1317965559652483,-0.10345167315433562,0.27781125658168526,0.014187675820700444,100.1,100.1,2026-09-27
607259,"Martinez, Nick",706,2475,175.0,30,30,TB,15.29745042492918,8.16161616161616,25.535353535353533,3.5410764872521248,65.01416430594901,32.02391118701964,0.3045985212464589,6.666666666666667,36.666666666666664,-0.9852456058014734,1.0574071960449942,-0.04880385937330541,0.007785910290071818,100.1,100.1,2026-09-27
650556,"Abreu, Bryan",269,1093,61.1,0,66,HOU,29.739776951672862,13.083257090576394,30.741079597438244,15.241635687732341,55.01858736059479,27.5974025974026,0.3089008921933086,6.338028169014084,41.54929577464789,1.248070019761473,-1.3723200200306132,0.16202791304880068,0.012592637593220149,100.1,100.1,2026-09-27
663460,"Bubic, Kris",226,883,54.0,9,14,LAD,24.778761061946902,11.098527746319366,26.613816534541336,11.504424778761061,59.73451327433629,29.782608695652176,0.31390081415929205,7.042253521126761,48.59154929577465,0.13517339204139403,-0.4197283295998795,0.3267947404601381,0.014079934300550878,100.1,100.1,2026-09-27
623465,"Phillips, Evan",103,421,25.0,0,30,LAD,30.097087378640776,10.451306413301662,29.453681710213775,2.912621359223301,57.28155339805825,35.12195121951219,0.3271309902912621,16.923076923076923,32.30769230769231,0.7442224992877079,0.8497720498616751,-1.561012397814407,0.010994050444991984,100.1,99.4,2026-09-27
676282,"Cantillo, Joey",690,2752,155.2,30,33,CLE,24.782608695652176,12.354651162790697,29.941860465116278,11.73913043478261,56.231884057971016,27.455048409405258,0.30598100289855074,7.459207459207459,44.988344988344984,0.7410842351544359,-0.9009939430013159,0.19416668443257726,0.01141899219523243,100.1,100.1,2026-09-27
687911,"King, Bryan",273,1053,59.1,1,59,HOU,17.94871794871795,7.977207977207977,24.216524216524217,7.326007326007327,61.53846153846154,31.09404990403071,0.3077864908424908,5.128205128205128,50.76923076923077,-1.0203543918441709,0.2983260928666479,0.7237513352959425,0.0005743454394731747,100.0,100.0,2026-09-27
656794,"Newcomb, Sean",370,1465,88.0,6,59,CWS,22.162162162162165,9.351535836177474,28.464163822525595,8.108108108108109,60.0,27.33612273361227,0.31806833604336043,6.504065040650407,45.9349593495935,-0.020390734589001685,-0.2308027268752798,0.24174576684177027,-0.003149231540837072,100.0,100.0,2026-09-27
674841,"Alvarez, Andrew",475,1857,110.2,17,25,WSH,24.0,10.823909531502423,28.109854604200322,10.73684210526316,53.89473684210526,29.97090203685742,0.3132308776371308,6.229508196721312,49.8360655737705,0.24577776290667916,-0.7326152060079701,0.4907093383086287,0.001290631735779239,100.0,100.0,2026-09-27
694738,"Roupp, Landen",659,2715,153.1,29,29,SF,21.699544764795146,9.686924493554327,26.629834254143645,11.380880121396055,57.207890743550834,30.185067007019782,0.3002143550834598,5.0691244239631335,50.69124423963134,-0.24298564958929111,-0.5505134710887151,0.8002348244724602,0.002245234598151328,100.0,100.0,2026-09-27
607074,"Rodón, Carlos",341,1438,83.2,16,16,NYY,26.68621700879765,12.517385257301807,26.14742698191933,11.143695014662756,58.65102639296188,29.949874686716793,0.3003054076246334,6.698564593301436,37.32057416267943,0.3836846073760746,-0.44137055889292137,0.01618961298688733,-0.013832112843319805,99.9,99.9,2026-09-27
669160,"May, Dustin",624,2400,142.1,31,31,MIL,23.076923076923077,10.083333333333332,27.375,8.012820512820513,60.73717948717948,30.335241210139003,0.3231167820512821,7.710843373493977,41.9277108433735,-0.007389203700123775,0.09649287130978795,-0.13312521512943656,-0.014673849173257461,99.9,99.9,2026-09-27
650633,"King, Michael",759,2981,182.1,32,32,SD,20.948616600790515,10.265011741026502,27.037906742703793,9.22266139657444,63.899868247694336,30.295411690760528,0.3217657127799737,8.171206225680933,45.13618677042802,-0.15711528320724677,0.18132951816112322,-0.04127860020343229,-0.005688121749851946,99.9,99.9,2026-09-27
672841,"Vargas, Carlos",81,282,19.0,0,16,SEA,20.98765432098765,7.446808510638298,21.98581560283688,4.938271604938271,69.1358024691358,31.11111111111111,0.3161472592592593,8.928571428571429,48.214285714285715,-1.1979247395260837,1.1125722378310188,0.04767629085365762,-0.012558736947135767,99.9,99.9,2026-09-27
682120,"Herrin, Tim",240,994,55.2,0,67,CLE,22.5,13.179074446680081,28.37022132796781,10.416666666666668,52.916666666666664,32.05828779599271,0.30490525,8.49673202614379,44.44444444444444,0.5077951076149884,-0.5823785390181672,0.04824853407718615,-0.008778299108664218,99.9,99.9,2026-09-27
691587,"Pérez, Eury",662,2678,156.2,29,30,MIA,25.6797583081571,13.517550410754295,25.65347274085138,10.27190332326284,60.57401812688822,32.01936376210235,0.3094516314199396,9.951456310679612,39.32038834951456,0.3932986545940278,-0.02321404419647018,-0.4015636153742872,-0.010493001658909854,99.9,99.9,2026-09-27
669438,"Englert, Mason",181,693,38.2,4,15,TB,20.994475138121548,11.976911976911978,27.12842712842713,3.314917127071823,68.33333333333333,37.06896551724138,0.36521343646408844,16.030534351145036,32.82442748091603,0.09000319448332765,1.763742848432438,-1.902283100456094,-0.016179019180109444,99.8,99.5,2026-09-27
592773,"Stanek, Ryne",267,1081,62.2,0,70,STL,24.344569288389515,12.858464384828864,25.53191489361702,11.610486891385769,63.670411985018724,29.57983193277311,0.3129194157303371,7.784431137724551,40.7185628742515,0.20614184821427387,-0.16887110543452857,-0.09717873604865067,-0.019969331089635126,99.8,99.8,2026-09-27
694477,"Patrick, Chad",438,1713,105.0,6,56,MIL,21.232876712328768,11.091652072387625,26.503210741389378,10.045662100456621,62.84403669724771,29.30648769574944,0.31074310502283103,6.143344709897611,39.93174061433447,-0.09735447801376847,-0.07435728861124395,0.09985293659992371,-0.023952943341696235,99.8,99.8,2026-09-27
622554,"Domínguez, Seranthony",260,1119,61.0,0,67,SEA,25.0,12.064343163538874,26.005361930294907,11.153846153846155,60.38461538461538,28.171334431630974,0.29596183076923077,6.832298136645963,41.61490683229814,0.200332170311137,-0.4753741897509296,0.22507330461610509,-0.01665623827456249,99.8,99.8,2026-09-27
695611,"Jump, Gage",439,1762,97.0,20,20,ATH,24.601366742596813,11.293984108967082,27.468785471055618,10.022779043280181,60.59225512528473,30.420353982300885,0.3289273986332574,6.810035842293908,39.06810035842294,0.2626283711225297,-0.13435774887438548,-0.19616299725421427,-0.02263079166869002,99.8,99.8,2026-09-27
656271,"Burke, Brock",316,1205,73.1,0,77,CIN,23.417721518987342,11.120331950207468,27.468879668049794,10.759493670886076,61.70886075949367,28.225806451612907,0.2906719240506329,7.653061224489796,39.795918367346935,0.16657759912796422,-0.331393765613653,0.09232845635730692,-0.02416257004279396,99.8,99.8,2026-09-27
665622,"Medina, Luis",318,1284,72.1,1,60,ATH,29.245283018867923,13.006230529595014,30.29595015576324,11.320754716981133,53.459119496855344,26.3768115942029,0.3053021635220126,7.734806629834254,39.226519337016576,1.149134979986291,-1.1461839948165886,-0.08224309083716998,-0.02643070188915583,99.7,99.7,2026-09-27
621237,"Alvarado, José",274,1145,58.0,0,68,PHI,25.547445255474454,11.091703056768559,25.1528384279476,9.854014598540147,56.934306569343065,31.722054380664655,0.31290538686131386,4.2682926829268295,35.97560975609756,-0.00968440751437897,-0.2615777361993909,0.14922606538828423,-0.04067869277516189,99.6,99.6,2026-09-27
689149,"Dallas, Chad",64,260,14.1,0,6,TOR,26.5625,11.538461538461538,26.153846153846157,12.5,50.0,35.22012578616352,0.2891725,5.128205128205128,38.46153846153847,0.24401009324952339,-0.7485143943502591,0.37249876250237035,-0.04400184619945513,99.6,99.6,2026-09-27
665152,"Kremer, Dean",342,1393,82.1,16,16,MIN,23.976608187134502,11.98851399856425,28.57142857142857,8.47953216374269,61.69590643274854,29.61992136304063,0.3225741871345029,9.606986899563319,35.80786026200873,0.4628427816468266,0.04898841580750218,-0.6336646443969921,-0.0406111489808878,99.6,99.6,2026-09-27
670036,"Festa, Matt",291,1102,65.0,0,66,CLE,23.711340206185564,11.433756805807622,27.223230490018146,7.216494845360824,54.63917525773196,31.30434782608696,0.3039761793103448,7.772020725388601,37.30569948186528,0.19500550877195888,-0.1628444402902008,-0.1568967033192271,-0.041578544945823,99.6,99.6,2026-09-27
656234,"Bird, Jake",172,679,38.2,0,44,WSH,23.837209302325583,10.456553755522828,32.253313696612665,7.55813953488372,59.06432748538012,23.88059701492537,0.3176377906976744,8.849557522123893,38.93805309734513,0.7276196770740982,-0.5392216580575142,-0.3550743723778363,-0.05555878445375075,99.4,99.4,2026-09-27
642547,"Peralta, Freddy",730,2960,167.0,32,32,TB,21.36986301369863,11.081081081081082,24.35810810810811,8.63013698630137,58.35616438356165,31.316098707403057,0.3016900767123288,5.7654075546719685,40.357852882703774,-0.37084276589785065,-0.05705153299533274,0.252950349146418,-0.058314649915588455,99.4,99.4,2026-09-27
641941,"Pagán, Emilio",176,676,42.1,0,45,CIN,25.568181818181817,11.390532544378699,24.40828402366864,5.681818181818182,64.77272727272727,30.571428571428573,0.2847383314285714,10.526315789473683,26.31578947368421,-0.06517327504085364,0.669536901164958,-0.7981373815991608,-0.06459125182501883,99.4,99.4,2026-09-27
667463,"King, John",197,723,49.1,1,50,MIA,16.751269035532996,8.575380359612724,25.587828492392806,7.614213197969544,61.92893401015228,33.246073298429316,0.3089447106598985,8.391608391608392,47.55244755244755,-0.8331707527555864,0.48285036060709535,0.1567146964418585,-0.06453523190221085,99.4,99.4,2026-09-27
694037,"Palencia, Daniel",123,481,29.0,0,32,CHC,24.390243902439025,12.058212058212058,25.571725571725572,8.130081300813007,56.09756097560976,28.86178861788618,0.29682237398373984,4.938271604938271,33.33333333333333,0.10546915118718114,-0.37739013170494856,0.10341726165971443,-0.056167906286017664,99.4,99.4,2026-09-27
608379,"Wacha, Michael",812,3031,198.0,32,32,KC,19.458128078817737,9.336852523919498,25.5031342791158,6.527093596059114,65.02463054187191,29.528865295288654,0.30765837931034484,7.082630691399664,36.42495784148398,-0.5750794677101218,0.49987882305685044,-0.14164277280294021,-0.0722811391520705,99.3,99.3,2026-09-27
572955,"Johnson, Pierce",211,840,48.2,0,56,CIN,19.90521327014218,9.880952380952381,29.28571428571429,9.004739336492891,63.98104265402843,33.490566037735846,0.3337403791469194,10.0,37.333333333333336,0.020704469732302073,0.49299627896398796,-0.7249931067850391,-0.07043078602958304,99.3,99.3,2026-09-27
681892,"Funderburk, Kody",222,882,50.0,0,58,MIN,22.07207207207207,9.410430839002268,26.53061224489796,11.711711711711711,55.85585585585585,25.217391304347824,0.2967864144144144,4.861111111111112,58.333333333333336,-0.27069343499872406,-1.1216061224789247,1.187992936177466,-0.06810220710006092,99.3,99.3,2026-09-27
656849,"Peterson, David",665,2479,147.1,23,32,CHC,20.601503759398497,9.681323114158936,26.421944332392094,9.774436090225564,61.35338345864662,28.766086298258898,0.333430237593985,6.3457330415754925,50.76586433260394,-0.33816402366419035,-0.19746503135815252,0.32299663535650475,-0.07087747322194604,99.3,99.3,2026-09-27
607536,"Freeland, Kyle",594,2125,130.0,25,25,COL,17.845117845117844,10.352941176470589,26.541176470588233,4.882154882154882,65.31986531986533,34.018691588785046,0.3532830505050505,11.061946902654867,40.707964601769916,-0.40015910604875615,1.1026140459874598,-0.9024337655629869,-0.06665960854142776,99.3,99.3,2026-09-27
657514,"Bernardino, Brennan",267,1005,62.2,2,74,COL,18.352059925093634,9.35323383084577,25.472636815920396,5.2434456928838955,59.176029962546814,25.390625,0.2961725842696629,5.583756345177665,46.192893401015226,-0.6445726385285028,-0.13580855128583602,0.5796210785788881,-0.06692003707848355,99.3,99.3,2026-09-27
813349,"Early, Connelly",400,1563,94.2,18,18,WSH,23.5,10.108765195137556,27.447216890595012,8.5,61.0,31.220095693779903,0.31703522,10.646387832699618,43.72623574144487,0.0314130904699978,0.1378372066706223,-0.37356431429719533,-0.06810467238552508,99.3,99.3,2026-09-27
801403,"Dollander, Chase",190,743,43.1,3,10,COL,24.736842105263158,11.978465679676985,27.321668909825032,9.473684210526317,55.78947368421052,27.586206896551722,0.3051310315789474,9.917355371900827,49.586776859504134,0.34464351590625797,-0.6640231319634232,0.08522939552228374,-0.07805007351162717,99.2,99.2,2026-09-27
671737,"Bradley, Taj",748,2998,177.2,31,31,MIN,27.406417112299465,11.407605070046698,27.451634422948633,10.16042780748663,61.63101604278075,28.30188679245283,0.30690813903743314,9.071274298056156,35.63714902807775,0.4475845434112767,-0.2622953515224955,-0.4229008464413333,-0.07920388485085071,99.2,99.2,2026-09-27
687473,"Gusto, Ryan",394,1437,86.2,18,23,MIA,18.781725888324875,8.83785664578984,27.766179540709814,7.1065989847715745,67.00507614213198,30.526315789473685,0.33792741116751274,8.771929824561402,39.64912280701755,-0.38840248110629044,0.6631691507463585,-0.5082335018769951,-0.07782227741230902,99.2,99.2,2026-09-27
686753,"Jameson, Drey",86,306,19.0,0,12,AZ,15.11627906976744,12.418300653594772,29.73856209150327,11.627906976744185,62.7906976744186,30.573248407643312,0.34151339534883723,4.838709677419355,35.483870967741936,0.1312268667353349,-0.14617832000652717,-0.21797268483006163,-0.07764137936708464,99.2,99.2,2026-09-27
683409,"Chivilli, Angel",73,285,16.2,0,15,NYY,21.91780821917808,15.789473684210526,27.017543859649123,9.58904109589041,46.57534246575342,31.28834355828221,0.30449331506849314,6.122448979591836,38.775510204081634,0.6497935126802455,-0.988244724560063,0.11249064791571574,-0.0753201879880339,99.2,99.2,2026-09-27
669620,"Basso, Brady",193,681,41.2,7,25,ATH,15.544041450777202,8.95741556534508,23.641703377386197,4.145077720207254,59.067357512953365,31.563421828908556,0.3078960416666667,5.228758169934641,42.48366013071895,-1.1096433043885212,0.5242087991250526,0.3537682309536104,-0.07722209143661941,99.2,99.2,2026-09-27
663554,"Mize, Casey",555,2083,128.1,26,26,SD,19.81981981981982,10.177628420547286,26.548247719635143,6.846846846846846,64.5045045045045,29.379054680259497,0.3004186184448463,8.291457286432161,33.66834170854271,-0.3021202301598572,0.41332600920784546,-0.34574651688558206,-0.07818024594586459,99.2,99.2,2026-09-27
669372,"Ginn, J.T.",583,2189,137.1,24,27,ATH,20.754716981132077,11.28369118318867,26.267702147099133,9.605488850771868,54.8885077186964,29.608938547486037,0.3099028316151203,6.106870229007633,46.31043256997455,-0.1313452660121505,-0.5652473115622293,0.38666119948988137,-0.10331045936149946,99.0,99.0,2026-09-27
663436,"Martin, Davis",617,2349,144.1,28,29,CWS,19.773095623987032,10.25968497232865,25.71306939123031,7.455429497568882,57.05024311183144,31.810766721044047,0.32823014586709887,6.378132118451026,43.28018223234624,-0.40302562788199287,0.026585527686109594,0.04679015063740578,-0.1098833165194925,98.9,98.9,2026-09-27
664199,"Clarke, Taylor",289,1078,71.1,2,71,AZ,15.570934256055363,10.296846011131725,23.376623376623375,4.1522491349480966,62.629757785467135,31.25,0.32195127777777777,8.88888888888889,45.77777777777778,-0.9607572175899562,0.7499075466723834,-0.10734732675888115,-0.10606566589215134,98.9,98.9,2026-09-27
621345,"Minter, A.J.",183,670,44.0,0,47,MIN,22.404371584699454,10.597014925373134,23.283582089552237,3.825136612021858,58.46994535519126,31.054131054131055,0.2981312131147541,9.848484848484848,38.63636363636363,-0.5137090444070861,0.47307600651030474,-0.3097303567230274,-0.11678779820660291,98.8,98.8,2026-09-27
687239,"Peoples, Ben",68,282,16.0,0,16,TEX,14.705882352941178,10.99290780141844,23.75886524822695,11.76470588235294,60.29411764705882,36.12903225806451,0.3054175294117647,6.122448979591836,44.89795918367347,-0.8692313123037249,0.14911197576539373,0.36677691729451944,-0.11778080641460391,98.8,98.8,2026-09-27
678906,"Teng, Kai-Wei",332,1266,72.2,10,30,HOU,21.987951807228914,11.216429699842022,29.85781990521327,9.939759036144578,59.93975903614458,28.54984894259819,0.33671032024169184,8.095238095238095,39.523809523809526,0.4043944110121854,-0.33607461806312267,-0.4153799609087864,-0.11568672265324124,98.8,98.8,2026-09-27
682825,"Mey, Luis",162,653,33.1,0,28,CIN,29.629629629629626,11.3323124042879,30.93415007656968,13.580246913580247,56.79012345679012,23.03030303030303,0.33204177777777777,8.045977011494253,49.42528735632184,1.0287879563507107,-1.459381281897769,0.06099285895183563,-0.12320015553174085,98.8,98.8,2026-09-27
688107,"Gasser, Robert",463,1817,109.0,20,21,MIL,22.24622030237581,9.796367638965329,26.527242707760045,7.343412526997841,64.57883369330453,28.092485549132952,0.3169100432900433,7.6190476190476195,33.65079365079365,-0.2080596747804331,0.24908757996523445,-0.4178284922569269,-0.12560019569070854,98.7,98.7,2026-09-27
677955,"Hill, Jaden",177,685,38.1,0,45,COL,21.468926553672315,12.262773722627736,27.153284671532845,11.864406779661017,56.49717514124294,27.6657060518732,0.309842011299435,4.464285714285714,40.17857142857143,0.161126263261119,-0.8777459917390833,0.3339945672475659,-0.12754172041013281,98.7,98.7,2026-09-27
702070,"Cameron, Noah",747,2895,175.0,30,31,KC,21.151271753681392,11.157167530224525,25.97582037996546,7.630522088353414,59.036144578313255,29.427254772876893,0.3112512332439678,8.190476190476192,40.0,-0.16240326861012494,-0.06136637694151961,-0.16411369416077046,-0.129294446570805,98.7,98.7,2026-09-27
681982,"Anderson, Grant",236,924,57.1,0,52,MIL,22.033898305084744,11.03896103896104,25.108225108225106,8.898305084745763,57.26495726495726,29.132231404958674,0.27640992340425535,7.547169811320755,38.9937106918239,-0.2378331681219071,-0.3574717518864879,0.20753253571007738,-0.12925746143277253,98.7,98.7,2026-09-27
656529,"Hentges, Sam",169,672,35.1,0,44,SF,23.076923076923077,10.267857142857142,27.67857142857143,13.609467455621301,57.396449704142015,24.92997198879552,0.3038980355029586,4.0,48.0,0.057356709828030455,-1.2522884148019224,0.7862789307114318,-0.13621759142082002,98.6,98.6,2026-09-27
650644,"Civale, Aaron",494,1904,109.0,15,34,CHC,18.421052631578945,8.350840336134453,27.310924369747898,6.680161943319838,65.78947368421053,31.132075471698112,0.31952287449392713,8.033240997229916,31.57894736842105,-0.5361433492207561,0.6781423759513366,-0.5848228230441744,-0.1476079321045313,98.5,98.5,2026-09-27
677958,"Rocker, Kumar",647,2506,146.1,27,30,TEX,21.32921174652241,11.652035115722265,25.658419792498005,9.273570324574962,56.414219474497685,31.360946745562128,0.3225876476043277,7.46606334841629,42.76018099547511,-0.1257995379945863,-0.26460527728590133,-0.06096623565715229,-0.15045701697921332,98.5,98.5,2026-09-27
676440,"Bibee, Tanner",782,2968,185.1,33,33,CLE,18.925831202046037,10.141509433962264,26.819407008086255,7.033248081841433,64.19437340153452,27.762982689747005,0.3182504666666667,8.421052631578947,37.719298245614034,-0.32631888105368434,0.22785513285205203,-0.3584448075427014,-0.1523028519147779,98.5,98.5,2026-09-27
805673,"Matthews, Zebby",546,2117,129.0,23,23,MIN,21.245421245421245,9.777987718469532,25.69674067076051,7.142857142857142,65.56776556776556,28.058877644894203,0.3198374139194139,10.621761658031089,43.26424870466321,-0.38041625196598233,0.33941715746497914,-0.41701095530150645,-0.15267001660083654,98.5,98.5,2026-09-27
641755,"Kinley, Tyler",233,925,56.1,0,64,DET,20.600858369098713,11.135135135135135,29.081081081081084,9.44206008583691,55.172413793103445,27.178423236514522,0.28688590557939914,6.451612903225806,34.193548387096776,0.20686785327867865,-0.7403309831507251,0.04150217531393182,-0.16398698485270488,98.4,98.4,2026-09-27
621242,"Díaz, Edwin",93,391,17.2,0,20,LAD,29.03225806451613,10.230179028132993,28.644501278772378,9.67741935483871,58.06451612903226,30.097087378640776,0.34286533333333336,7.6923076923076925,32.69230769230769,0.5431993800189061,-0.3039204628233126,-0.7161262204045288,-0.15894910106964508,98.4,98.4,2026-09-27
622491,"Castillo, Luis",594,2372,129.0,23,29,CWS,18.855218855218855,11.003372681281618,24.198988195615513,7.07070707070707,68.51851851851852,31.522633744855966,0.3427477639123103,9.579439252336448,36.44859813084112,-0.5561837198769104,0.8628590439876698,-0.7951493245496485,-0.16282466681296304,98.4,98.4,2026-09-27
573009,"Mantiply, Joe",112,399,26.2,0,25,TOR,19.642857142857142,8.020050125313283,24.31077694235589,4.464285714285714,60.71428571428571,33.64485981308411,0.34586832142857143,10.843373493975903,50.602409638554214,-0.8984727643678596,0.7886230856295762,-0.3784788478917243,-0.16277617554333593,98.4,98.4,2026-09-27
615698,"Quantrill, Cal",443,1673,109.2,15,32,TEX,18.284424379232505,8.009563658099223,24.02869097429767,5.417607223476298,62.528216704288944,30.140186915887853,0.3033526681715576,7.250755287009064,40.181268882175225,-1.0199598170607365,0.5014692540012363,0.03935610908727166,-0.1597114846574095,98.4,98.4,2026-09-27
804267,"Thornton, Zac",338,1259,83.0,15,15,NYM,18.639053254437872,8.578236695790311,23.90786338363781,5.325443786982249,65.38461538461539,32.74478330658106,0.3242074065281899,9.486166007905137,38.3399209486166,-0.9368145919431073,0.94485000917134,-0.524973458983938,-0.1723126805852351,98.3,98.3,2026-09-27
675848,"Mejia, Juan",325,1317,68.1,1,65,COL,20.307692307692307,10.250569476082005,26.499620349278665,11.384615384615385,56.92307692307692,30.20231213872832,0.33005299071207433,3.7383177570093453,42.523364485981304,-0.2686970382391655,-0.5697343332321081,0.3347870529993695,-0.16788143949063472,98.3,98.3,2026-09-27
689147,"Kerkering, Orion",268,1097,57.2,0,62,PHI,23.507462686567166,9.936189608021879,28.62351868732908,12.313432835820896,59.70149253731343,28.25719120135364,0.30148882089552237,6.097560975609756,34.756097560975604,0.1622187677828687,-0.6480834360073514,-0.02837823895276133,-0.1714143023924147,98.3,98.3,2026-09-27
571948,"Milner, Hoby",169,652,40.0,0,43,SEA,14.201183431952662,6.901840490797547,26.68711656441718,5.325443786982249,65.68047337278107,28.971962616822427,0.3505590295857988,6.0606060606060606,43.93939393939394,-1.072877255453464,0.6339642733869278,-0.09735220798602572,-0.17875506335085398,98.2,98.2,2026-09-27
640455,"Manaea, Sean",630,2393,143.0,18,32,NYM,22.380952380952383,10.447137484329295,26.828249059757624,6.825396825396825,59.84126984126984,31.341991341991342,0.3331207821939587,11.00702576112412,40.28103044496487,-0.07208250240473647,0.2558773936585846,-0.7213122680933809,-0.1791724589465109,98.2,98.2,2026-09-27
670167,"Schreiber, John",248,1011,58.0,0,66,NYY,16.129032258064516,8.605341246290802,26.409495548961427,8.870967741935484,58.46774193548387,28.000000000000004,0.30714053441295547,5.027932960893855,46.927374301675975,-0.7597839568125918,-0.3682112182467962,0.5776515910893311,-0.18344786132335233,98.2,98.2,2026-09-27
677944,"Cecconi, Slade",529,2009,119.0,21,28,CLE,18.714555765595463,8.6112493777999,25.73419611747138,7.183364839319471,66.91871455576559,27.78884462151394,0.33205764839319474,8.785529715762273,43.927648578811365,-0.6889414191666989,0.4074183928343324,-0.2700843273002454,-0.18386911787753732,98.2,98.2,2026-09-27
669358,"Baz, Shane",771,2921,178.0,31,31,BAL,19.974059662775616,9.277644642245807,25.16261554262239,8.041504539559014,61.86770428015564,29.85685071574642,0.3162489130998703,6.7765567765567765,39.010989010989015,-0.5960444684677048,0.13177902729917526,-0.07332220842668337,-0.1791958831984043,98.2,98.2,2026-09-27
683000,"Cornelio, Riley",154,658,33.1,3,17,WSH,24.675324675324674,15.045592705167174,27.35562310030395,17.532467532467532,55.1948051948052,32.19895287958115,0.3074887012987013,8.045977011494253,40.229885057471265,0.7618313741696964,-1.2147038097889808,-0.09982604846753103,-0.1842328280289385,98.2,98.2,2026-09-27
681895,"Sisk, Evan",198,834,42.1,0,41,PIT,25.252525252525253,10.071942446043165,27.45803357314149,12.626262626262626,54.04040404040404,23.717948717948715,0.2948367070707071,3.5398230088495577,45.13274336283185,0.13514346701923607,-1.4867816647649283,0.8084530322383016,-0.18106172183579694,98.2,98.2,2026-09-27
669684,"Murphy, Chris",151,614,33.0,3,33,CWS,23.178807947019866,13.355048859934854,27.19869706840391,10.596026490066226,61.58940397350994,28.618421052631575,0.3008244238410596,8.421052631578947,26.31578947368421,0.4200997186136845,-0.28682295729500823,-0.6821791479772905,-0.18296746221953808,98.2,98.2,2026-09-27
621111,"Buehler, Walker",654,2615,151.0,32,32,SD,20.03058103975535,8.1453154875717,25.544933078393882,8.409785932721713,65.29051987767585,27.002967359050444,0.31633746401225116,8.333333333333332,47.368421052631575,-0.6963711734092054,0.08301154440657295,0.08570604901968677,-0.1758845266609819,98.2,98.2,2026-09-27
664299,"Javier, Cristian",276,1110,63.0,12,17,HOU,21.3768115942029,13.693693693693692,26.306306306306304,10.144927536231885,63.76811594202898,33.94648829431438,0.3334541449275362,9.090909090909092,24.598930481283425,0.23907432439173493,0.38858852426599994,-1.1531407061188876,-0.17515928582038423,98.2,98.2,2026-09-27
668964,"Myers, Tobias",230,840,53.0,3,32,NYM,17.82608695652174,9.761904761904763,23.69047619047619,6.521739130434782,63.91304347826087,29.584352078239608,0.30998565217391305,5.202312138728324,32.369942196531795,-0.8542750951944421,0.4260837180499959,-0.09741973251279694,-0.17520370321908105,98.2,98.2,2026-09-27
672335,"Pérez, Cionel",194,769,43.1,2,39,NYM,21.649484536082475,10.013003901170352,26.918075422626785,9.278350515463918,59.27835051546392,30.56234718826406,0.34469505154639174,11.940298507462686,56.71641791044776,-0.1640861577401907,-0.1311330681778319,-0.24495163655797914,-0.18005695415866727,98.2,98.2,2026-09-27
641743,"Kay, Anthony",691,2714,150.2,30,32,CWS,18.08972503617945,10.132645541635963,25.534266764922624,7.814761215629522,59.913169319826345,32.67326732673268,0.3377732561505065,8.24742268041237,43.29896907216495,-0.5467355040768687,0.26592057281475684,-0.2827715448643975,-0.1878621587088364,98.1,98.1,2026-09-27
663738,"Lynch IV, Daniel",334,1224,80.1,9,55,KC,16.16766467065868,9.88562091503268,26.633986928104576,7.784431137724551,56.287425149700596,29.612403100775193,0.32603978443113774,6.800000000000001,48.4,-0.5542072816191858,-0.25858837158388887,0.23371345887116124,-0.19302739811063777,98.1,98.1,2026-09-27
699008,"Kelly, Antwone",71,263,16.1,0,7,PIT,16.901408450704224,7.604562737642586,24.334600760456272,9.859154929577464,67.6056338028169,26.08695652173913,0.3342818591549296,3.9215686274509802,49.01960784313725,-1.11965535174316,0.0031235037018140233,0.5501379823707975,-0.18879795522351617,98.1,98.1,2026-09-27
445276,"Jansen, Kenley",180,729,45.0,0,50,DET,28.333333333333332,11.796982167352537,27.709190672153632,12.222222222222221,61.66666666666667,30.081300813008134,0.29374284444444443,9.523809523809524,24.761904761904763,0.5908939057953715,-0.3370569062223027,-0.8225283957505942,-0.18956379872584184,98.1,98.1,2026-09-27
593958,"Rodriguez, Eduardo",789,3068,189.1,32,32,AZ,18.124207858048162,9.517601043024772,24.543676662320728,7.858048162230672,63.624841571609636,30.56234718826406,0.31754107984790875,7.560137457044673,40.034364261168385,-0.7576523239970011,0.33999919754590885,-0.1419814978754879,-0.18654487477552673,98.1,98.1,2026-09-27
672456,"Montero, Keider",626,2310,153.2,25,32,DET,17.0926517571885,7.8354978354978355,25.497835497835496,5.5910543130990416,62.14057507987221,26.877828054298643,0.289123661341853,7.157894736842104,40.21052631578947,-0.9245073469935553,0.16707487628503695,0.1883087752539284,-0.18970789848486333,98.1,98.1,2026-09-27
690925,"Beeter, Clayton",211,808,47.0,0,50,WSH,22.274881516587676,11.757425742574256,27.351485148514854,12.796208530805686,54.976303317535546,28.539823008849556,0.3331958104265403,6.25,48.4375,0.16776491440050545,-1.015006626188645,0.23742914292470907,-0.20327085628781016,98.0,98.0,2026-09-27
669022,"Gore, MacKenzie",741,2944,170.1,33,33,TEX,23.481781376518217,11.24320652173913,25.339673913043477,9.176788124156547,57.21997300944669,30.07662835249042,0.31177773819163296,8.571428571428571,40.40816326530612,-0.09117618060044703,-0.30916862234503245,-0.20036355231675929,-0.20023611842074626,98.0,98.0,2026-09-27
681517,"Leahy, Kyle",598,2328,138.0,30,30,STL,22.073578595317723,9.36426116838488,26.417525773195877,6.856187290969899,62.04013377926422,27.195945945945947,0.33626020100502513,9.832134292565947,45.80335731414868,-0.29165544626643086,0.04439087201441853,-0.3635626572352011,-0.20360907716240448,98.0,98.0,2026-09-27
622663,"Severino, Luis",272,1086,61.0,12,12,ATH,23.897058823529413,9.300184162062616,25.23020257826888,11.397058823529411,60.29411764705882,31.327433628318584,0.31699071586715866,8.670520231213873,45.08670520231214,-0.3439207102768033,-0.23169839569510908,-0.061746619785107,-0.21245524191900647,97.9,97.9,2026-09-27
663687,"Harris, Hogan",311,1342,70.0,0,74,ATH,28.29581993569132,9.538002980625931,28.017883755588674,12.861736334405144,54.983922829581985,23.88059701492537,0.3015722186495177,6.857142857142858,48.57142857142857,0.3221845110153459,-1.431883456184255,0.46729578690742796,-0.21413438608716043,97.9,97.9,2026-09-27
663978,"Paddack, Chris",267,1015,56.1,9,14,TEX,14.981273408239701,9.261083743842365,23.448275862068964,7.116104868913857,68.16479400749064,33.089579524680076,0.34091357303370784,8.25242718446602,39.32038834951456,-1.1281544038033413,0.9703623867760086,-0.4843612078349398,-0.21405107495409084,97.9,97.9,2026-09-27
594580,"Moll, Sam",258,1081,55.2,0,65,CIN,21.705426356589147,8.788159111933396,26.734505087881594,10.852713178294573,55.03875968992248,25.29711375212224,0.30774322480620153,5.454545454545454,53.333333333333336,-0.35099363871480566,-1.0754291338862838,0.7925802382407827,-0.2112808447867689,97.9,97.9,2026-09-27
677865,"Bruihl, Justin",340,1311,76.0,0,72,STL,15.588235294117647,7.322654462242563,25.553012967200612,7.647058823529412,59.11764705882353,29.61876832844575,0.3273532470588235,5.668016194331984,51.012145748987855,-1.0790615395144352,-0.04057683499140985,0.4783355835116246,-0.21376759699807346,97.9,97.9,2026-09-27
681347,"Burrows, Mike",424,1570,94.0,17,18,HOU,17.68867924528302,10.063694267515924,25.54140127388535,8.254716981132075,63.67924528301887,32.28915662650602,0.3354641323877069,8.414239482200648,37.86407766990291,-0.5797245984439251,0.4508327835355333,-0.5156463023197152,-0.2148460390760357,97.9,97.9,2026-09-27
656550,"Holmes, Grant",642,2385,151.0,29,31,ATL,17.91277258566978,12.285115303983227,26.247379454926623,9.657320872274143,59.034267912772584,31.828615149196633,0.341766722741433,8.874458874458876,43.722943722943725,-0.17203667635583275,-0.08010684885185189,-0.3829330699116802,-0.21169219837312162,97.9,97.9,2026-09-27
660825,"Bazardo, Eduard",291,1115,66.0,0,72,SEA,23.02405498281787,9.058295964125561,29.327354260089688,7.560137457044673,64.60481099656357,26.204238921001927,0.34211362199312717,9.595959595959595,35.858585858585855,0.10541541224825368,0.060200227224701454,-0.8165668280689596,-0.2169837295320015,97.8,97.8,2026-09-27
642701,"Santana, Dennis",250,935,56.1,0,57,AZ,19.6,11.229946524064172,26.737967914438503,9.2,58.8,33.46534653465347,0.330959184,8.092485549132949,33.52601156069364,-0.1478730232215723,0.09908439997072808,-0.6178866624021356,-0.22222509521765996,97.8,97.8,2026-09-27
679358,"Orze, Eric",189,685,41.1,0,36,MIN,19.047619047619047,8.905109489051096,29.05109489051095,10.052910052910052,56.613756613756614,28.160919540229884,0.31064510052910055,6.923076923076923,43.84615384615385,-0.19500332484321856,-0.6203642077496282,0.1691948141358953,-0.21539090615231715,97.8,97.8,2026-09-27
693821,"Elder, Bryce",635,2247,147.1,26,26,ATL,19.055118110236222,8.811748998664887,25.367156208277702,7.716535433070866,60.0,27.55102040816326,0.3130911153238547,6.753812636165578,44.226579520697165,-0.6888442230104962,-0.16747413549026813,0.18386464344629083,-0.22415123835149117,97.8,97.8,2026-09-27
527048,"Pérez, Martín",596,2247,141.2,26,30,ATL,17.114093959731544,8.45571873609257,26.390743213173117,10.234899328859061,60.06711409395973,27.4206672091131,0.3246732147651007,4.662004662004662,47.55244755244755,-0.7222335347691802,-0.45983262681507014,0.48401530429256684,-0.23268361909722782,97.7,97.7,2026-09-27
677976,"Dobnak, Randy",325,1264,72.2,13,15,KC,15.076923076923077,8.148734177215191,24.920886075949365,8.0,58.46153846153847,29.42008486562942,0.33610274074074076,4.545454545454546,51.2396694214876,-1.0808318260649268,-0.14489401976477898,0.5483013221642716,-0.2258081745551447,97.7,97.7,2026-09-27
669461,"Liberatore, Matthew",678,2613,151.1,31,31,STL,22.71386430678466,10.332950631458095,27.860696517412936,8.112094395280236,60.47197640117994,28.57142857142857,0.33860569321533923,9.347826086956522,38.04347826086957,0.06777454042437579,-0.08889041306687821,-0.6574282651759663,-0.2261813792728229,97.7,97.7,2026-09-27
663767,"Shugart, Chase",223,871,53.0,0,46,PHI,26.45739910313901,8.495981630309988,29.850746268656714,8.520179372197308,58.744394618834086,25.675675675675674,0.30076963228699555,10.0,35.714285714285715,0.3077216463698141,-0.5132145349317423,-0.4798819019321883,-0.22845826349803885,97.7,97.7,2026-09-27
669387,"Mlodzinski, Carmen",538,2083,122.1,12,37,PIT,18.029739776951672,8.449351896303408,26.692270763322128,7.992565055762081,62.26765799256505,28.706326723323887,0.33812429795158283,6.905370843989769,43.22250639386189,-0.6276077408899399,0.0646176813138465,-0.11761395113776235,-0.22686800357128523,97.7,97.7,2026-09-27
669212,"Morgan, Eli",91,339,19.0,0,16,KC,17.582417582417584,10.619469026548673,27.728613569321535,9.89010989010989,65.93406593406593,33.6734693877551,0.39462773626373626,6.25,32.8125,-0.22481096300270212,0.5479585201109783,-1.0203784293066804,-0.2324102907328014,97.7,97.7,2026-09-27
681810,"Warren, Austin",211,908,48.1,2,40,NYM,26.066350710900476,10.352422907488986,31.828193832599116,10.90047393364929,55.45023696682464,26.052104208416832,0.3225487962085308,10.852713178294573,41.86046511627907,0.7944030429743453,-0.98506280582854,-0.532779924496276,-0.2411465624501569,97.6,97.6,2026-09-27
669947,"Scholtens, Jesse",197,724,44.1,2,11,TB,17.258883248730964,9.392265193370166,24.447513812154696,6.598984771573605,70.05076142131979,30.687830687830687,0.3462131776649746,10.344827586206897,38.62068965517241,-0.8402334327839377,0.9522002151092228,-0.8328571679054618,-0.24029679519339223,97.6,97.6,2026-09-27
676395,"Garcia, Robert",70,283,18.1,0,19,TEX,15.714285714285714,9.187279151943462,28.26855123674912,12.857142857142856,61.42857142857143,22.794117647058822,0.3018345714285714,4.0,48.0,-0.46310933011885824,-1.067295884083974,0.8059736137862906,-0.2414772001388472,97.6,97.6,2026-09-27
680694,"Bradish, Kyle",669,2630,151.2,29,29,BAL,21.225710014947683,10.114068441064639,26.539923954372625,10.31390134529148,56.35276532137519,30.242214532871976,0.3223247772795217,8.370044052863436,46.035242290748904,-0.22574948209471732,-0.4854428208565827,-0.03343130639796484,-0.2482078697830883,97.5,97.5,2026-09-27
656222,"Beeks, Jalen",113,411,26.0,0,29,TEX,18.58407079646018,10.46228710462287,28.223844282238442,6.1946902654867255,61.06194690265486,28.350515463917525,0.36040407079646014,10.714285714285714,44.047619047619044,-0.12007526263756695,0.15125478211421392,-0.7823775757630297,-0.2503993520954609,97.5,97.5,2026-09-27
607455,"Banda, Anthony",157,610,34.0,0,39,MIN,21.019108280254777,10.98360655737705,26.229508196721312,8.9171974522293,57.324840764331206,27.13864306784661,0.32028749044585986,7.000000000000001,41.0,-0.1608999325997299,-0.5307687321142948,-0.054994764933680725,-0.24888780988256845,97.5,97.5,2026-09-27
689520,"Laweryson, Cody",78,296,16.2,0,15,MIN,23.076923076923077,8.108108108108109,27.027027027027028,10.256410256410255,64.1025641025641,27.516778523489933,0.32531723076923075,8.0,40.0,-0.32111725303432664,-0.16598303799651518,-0.27398369896233743,-0.2536946633310598,97.5,97.5,2026-09-27
680755,"Fisher, Braydon",312,1275,73.2,10,75,TOR,23.717948717948715,11.137254901960784,28.705882352941174,12.5,55.12820512820513,29.353932584269664,0.31492564630225084,9.523809523809524,43.91534391534391,0.34898052935679386,-0.8989338388728277,-0.20160321212329138,-0.25051884054644175,97.5,97.5,2026-09-27
805123,"Blubaugh, AJ",401,1640,95.2,0,64,HOU,23.44139650872818,12.134146341463413,25.121951219512194,10.473815461346634,64.08977556109726,28.77939529675252,0.31632422942643396,10.305343511450381,34.73282442748092,-0.0011236257737347415,-0.08045339747182613,-0.7096064642893727,-0.26372782917831117,97.4,97.4,2026-09-27
670950,"Richards, Trevor",335,1273,79.0,0,53,CWS,20.8955223880597,9.505106048703848,25.530243519245875,6.567164179104477,62.874251497005986,30.153846153846153,0.3125782447761194,8.860759493670885,29.535864978902953,-0.46066691873567284,0.3969504295295246,-0.7122692166755291,-0.2586619019605591,97.4,97.4,2026-09-27
681916,"Smith, Dylan",173,703,38.1,0,41,SF,25.43352601156069,10.81081081081081,25.320056899004268,10.404624277456648,54.91329479768786,27.246376811594203,0.30192221965317917,5.660377358490567,36.79245283018868,-0.03294408254890872,-0.8620235274786033,0.1109591709261493,-0.26133614636712094,97.4,97.4,2026-09-27
690928,"Dobbins, Hunter",232,932,54.0,8,11,STL,22.413793103448278,9.120171673819742,25.643776824034337,10.344827586206897,59.91379310344828,26.61290322580645,0.305921316017316,7.18954248366013,43.790849673202615,-0.4051260878917466,-0.5543172264192294,0.17779435465062318,-0.26054965322011764,97.4,97.4,2026-09-27
657612,"Hill, Tim",242,824,58.0,0,67,NYY,10.330578512396695,5.218446601941747,23.300970873786408,4.545454545454546,59.50413223140496,28.07486631016043,0.32535951867219914,6.63265306122449,68.87755102040816,-1.9811902626218476,0.20297044974891784,0.9997736919566288,-0.25948204030543365,97.4,97.9,2026-09-27
674003,"Bradford, Cody",187,696,42.1,8,9,TEX,11.229946524064172,7.614942528735632,26.436781609195403,5.347593582887701,69.5187165775401,31.790123456790127,0.3410061604278075,9.67741935483871,36.774193548387096,-1.190710881413297,1.1532012615555813,-0.7770767109327187,-0.27152877693014477,97.3,97.3,2026-09-27
685299,"Gordon, Tanner",473,1700,103.0,12,24,COL,17.970401691331926,10.058823529411764,25.23529411764706,4.651162790697675,65.75052854122622,31.335830212234704,0.3447718054968288,11.049723756906078,33.14917127071823,-0.6031537140271833,0.9234570302582931,-1.1444669018233047,-0.2747211951973983,97.3,97.3,2026-09-27
676510,"Hoffman, Nolan",64,222,14.0,0,14,KC,17.1875,7.657657657657657,23.873873873873876,9.375,57.8125,26.495726495726498,0.341833375,0.0,47.72727272727273,-1.1551594814785773,-0.6044908328124368,0.9245197125615686,-0.2783768672431485,97.2,97.2,2026-09-27
680767,"Vodnik, Victor",267,1032,58.0,0,53,MIA,16.479400749063668,10.368217054263566,23.837209302325583,11.985018726591761,55.430711610486895,26.40144665461121,0.30890343071161047,4.301075268817205,56.451612903225815,-0.8352196635221597,-1.0787424649598425,1.0631662583348793,-0.28359862338237435,97.2,97.2,2026-09-27
687312,"Hughes, Gabriel",283,1145,63.0,13,14,COL,19.78798586572438,8.646288209606986,24.541484716157207,8.12720848056537,59.717314487632514,26.642984014209592,0.303907406360424,6.0,41.5,-0.7743808849391917,-0.3141247437128024,0.25084014607172406,-0.27922182752675667,97.2,97.2,2026-09-27
657756,"Seabold, Connor",116,476,23.2,0,21,KC,17.24137931034483,7.563025210084033,24.159663865546218,7.758620689655173,58.620689655172406,30.314960629921263,0.3022147017543859,6.172839506172839,43.20987654320987,-1.1273483300585505,-0.02741681931023747,0.3183517948229901,-0.27880445151526595,97.2,97.2,2026-09-27
672442,"Cruz, Yovanny",70,256,16.0,0,17,WSH,21.428571428571427,10.546875,28.515625,12.857142857142856,55.714285714285715,28.125,0.3516732,2.272727272727273,36.36363636363637,0.1037423404261842,-1.0057837125935565,0.05133205698318688,-0.2835697717280618,97.2,97.2,2026-09-27
664208,"Maton, Phil",136,546,27.1,0,31,CHC,22.794117647058822,10.43956043956044,29.120879120879124,11.76470588235294,69.11764705882352,29.277566539923956,0.38772676470588235,11.904761904761903,41.66666666666667,0.251917174423155,0.1755664396268357,-1.2978689749080348,-0.290128453619348,97.1,97.1,2026-09-27
660787,"De los Santos, Yerry",94,362,22.1,0,16,NYY,18.085106382978726,7.18232044198895,25.41436464088398,7.446808510638298,69.89247311827957,22.0125786163522,0.3388793617021276,7.246376811594203,46.3768115942029,-0.96334798662081,0.0813598432544036,-0.03291852185851463,-0.304968888408307,97.0,97.0,2026-09-27
656288,"Canning, Griffin",377,1481,83.1,11,29,SD,22.546419098143236,10.803511141120865,26.13099257258609,10.610079575596817,56.76392572944297,27.017114914425427,0.3288274801061008,8.536585365853659,47.5609756097561,-0.10471072664984665,-0.7735054692810613,-0.05124771364456467,-0.3098213031918242,96.9,96.9,2026-09-27
675911,"Strider, Spencer",166,691,37.2,8,8,ATL,27.710843373493976,12.156295224312592,27.35166425470333,12.048192771084338,58.43373493975904,28.68421052631579,0.2904663757575758,11.224489795918368,29.591836734693878,0.5548287191117047,-0.6708440909620276,-0.8013952173002815,-0.30580352971686814,96.9,96.9,2026-09-27
680604,"Castaño, Blas",112,460,25.1,0,15,COL,18.75,8.478260869565217,26.73913043478261,8.035714285714286,64.28571428571429,28.695652173913043,0.36363174774774776,8.860759493670885,44.303797468354425,-0.5734501733608943,0.20272351586556972,-0.5649079054496385,-0.31187818764832104,96.9,96.9,2026-09-27
573124,"Rogers, Taylor",278,1100,59.1,0,65,MIN,19.424460431654676,7.1818181818181825,27.454545454545453,8.992805755395683,62.94964028776978,25.543478260869566,0.31389263537906137,5.913978494623656,37.096774193548384,-0.614676000815323,-0.2785171376316811,-0.022677300956695474,-0.30529014646789987,96.9,96.9,2026-09-27
623149,"Sewald, Paul",215,838,52.1,0,61,TOR,24.651162790697676,11.575178997613365,27.565632458233893,5.5813953488372094,59.06976744186046,32.50620347394541,0.31507892093023254,13.793103448275861,22.06896551724138,0.3165252713282494,0.44440920327342637,-1.688402862701879,-0.3091561293667344,96.9,96.9,2026-09-27
665660,"Alvarado, Elvis",225,937,52.2,0,55,ATH,27.555555555555557,13.980789754535753,26.57417289220918,10.222222222222223,58.22222222222222,28.059071729957807,0.32849530666666665,13.23529411764706,36.76470588235294,0.6914402096824149,-0.5338071090274523,-1.1135130643633635,-0.318626654569467,96.8,96.8,2026-09-27
663568,"Kolek, Stephen",225,838,53.1,10,10,KC,15.11111111111111,8.711217183770884,24.463007159904535,5.333333333333334,56.888888888888886,26.746987951807228,0.30780117333333334,6.8181818181818175,46.02272727272727,-1.0622141568125822,-0.18978499409978514,0.3033025969431716,-0.31623218465639863,96.8,96.8,2026-09-27
837227,"Imai, Tatsuya",335,1443,75.2,15,22,HOU,28.65671641791045,13.097713097713099,28.759528759528756,15.223880597014924,52.83582089552239,27.65432098765432,0.32975942686567167,9.239130434782608,42.391304347826086,0.9246522397736795,-1.5209853873670032,-0.372236930060376,-0.3228566925512332,96.8,96.8,2026-09-27
682052,"Lopez, Jacob",551,2244,121.1,24,27,ATH,20.326678765880217,10.204991087344029,26.158645276292336,10.526315789473683,60.254083484573506,27.327070879590092,0.29812716515426496,6.896551724137931,32.360742705570296,-0.31830150237265714,-0.4877901732088898,-0.20150907845485364,-0.3358669180121335,96.6,96.6,2026-09-27
683004,"Leiter, Jack",355,1397,79.2,15,15,TEX,23.380281690140844,11.52469577666428,27.20114531138153,9.859154929577464,56.33802816901409,30.39889958734526,0.3364780507042254,10.300429184549357,37.33905579399141,0.18419516642380387,-0.4211215458800133,-0.7893343144763025,-0.342086897977504,96.6,96.6,2026-09-27
663423,"Thornton, Trent",196,718,46.2,0,48,CHC,15.816326530612246,9.47075208913649,24.512534818941504,7.653061224489796,62.05128205128205,31.062670299727518,0.3375446734693877,10.344827586206897,46.89655172413793,-0.9094100536612024,0.29504234174061483,-0.39447220059119603,-0.3362799708372612,96.6,96.6,2026-09-27
687606,"Schultz, Paxton",154,612,32.0,1,27,WSH,20.77922077922078,8.006535947712418,25.816993464052292,7.142857142857142,66.23376623376623,27.164179104477608,0.34145800000000004,8.411214953271028,34.57943925233645,-0.6338061345889882,0.30819160975127624,-0.7136222043491355,-0.34641224306228247,96.5,96.5,2026-09-27
605130,"Barlow, Scott",154,589,33.0,0,36,ATH,18.83116883116883,13.582342954159593,30.050933786078097,11.688311688311687,53.59477124183007,31.51862464183381,0.35906734640522875,9.278350515463918,37.11340206185567,0.5576250888087134,-0.7257508559976295,-0.8837998478056841,-0.3506418716648667,96.5,96.5,2026-09-27
544150,"Suárez, Albert",263,971,61.2,0,28,BAL,17.490494296577946,10.607621009268794,22.966014418125642,7.604562737642586,60.45627376425855,29.831144465290805,0.31103885931558933,7.142857142857142,33.6734693877551,-0.8546899148100442,0.0784106160724909,-0.2998602235135717,-0.35871317408370834,96.4,96.4,2026-09-27
815083,"Farris, Mitch",260,997,58.1,0,33,LAA,24.23076923076923,11.133400200601805,27.382146439317957,10.76923076923077,54.61538461538461,28.990825688073397,0.33921773846153846,9.090909090909092,40.60606060606061,0.20680054434303594,-0.7711298525184366,-0.5202574069678496,-0.3615289050477501,96.4,96.4,2026-09-27
663776,"Sandoval, Patrick",299,1121,64.1,13,14,BOS,22.74247491638796,10.437109723461194,26.851025869759145,10.367892976588628,55.852842809364546,27.648114901256733,0.33893138461538463,6.565656565656567,38.88888888888889,-0.048328516054587996,-0.7554918530749154,-0.2680646497076656,-0.3572950062790563,96.4,96.4,2026-09-27
676083,"Junk, Janson",506,1919,116.2,24,25,MIA,16.600790513833992,6.3053673788431475,23.553934340802503,6.324110671936759,62.450592885375485,28.44542447629548,0.31618294071146247,7.03125,43.75,-1.4165554456945342,0.2439717740424315,0.09835982443744089,-0.3580746157382206,96.4,96.4,2026-09-27
696149,"Chandler, Bubba",674,2692,153.1,30,31,PIT,20.77151335311573,9.398216939078752,25.297176820208023,11.72106824925816,59.940652818991104,28.054953000723064,0.3182440415430267,6.053811659192825,39.46188340807175,-0.5132463211562127,-0.581625047411802,0.019529676973997028,-0.35844723053133926,96.4,96.4,2026-09-27
656427,"Flaherty, Jack",389,1643,86.1,19,19,DET,26.221079691516707,10.955569080949482,27.023737066342058,10.539845758354756,57.326478149100254,27.61276127612761,0.3215013984575835,8.403361344537815,31.512605042016805,0.2576719097571069,-0.6730000646569412,-0.6539363525685172,-0.35642150248945054,96.4,96.4,2026-09-27
695239,"Ahlstrom, Robby",165,660,36.2,0,42,TEX,20.606060606060606,10.757575757575758,25.606060606060606,7.2727272727272725,56.36363636363636,25.15527950310559,0.3219549756097561,7.207207207207207,37.83783783783784,-0.2983948679343617,-0.58730959806112,-0.2333257404484841,-0.3730100688146553,96.3,96.3,2026-09-27
664141,"Brubaker, JT",252,1002,59.1,1,41,SF,15.476190476190476,8.08383233532934,25.54890219560878,10.317460317460316,61.50793650793651,30.434782608695656,0.3387721587301587,5.46448087431694,41.53005464480874,-0.9830921202814685,-0.10120392657300276,-0.012083073346941378,-0.3654597067338042,96.3,96.3,2026-09-27
686751,"Johnson, Seth",150,569,32.0,0,27,ATH,25.333333333333336,11.599297012302284,28.998242530755714,12.0,57.99999999999999,28.474576271186443,0.33110362666666665,11.956521739130435,36.95652173913043,0.5488666269483484,-0.7147605253055453,-0.9664712574774771,-0.3774550519448914,96.2,96.2,2026-09-27
605135,"Bassitt, Chris",462,1733,99.1,18,20,BAL,16.017316017316016,8.655510675129833,25.33179457587998,8.225108225108226,58.87445887445888,25.70462232243517,0.33700564502164504,5.014749262536873,45.42772861356932,-0.9007057788391027,-0.4679185036859617,0.22984629931682243,-0.37959266106941403,96.2,96.2,2026-09-27
700249,"Povich, Cade",160,611,36.0,7,8,BAL,17.5,9.492635024549918,24.713584288052374,9.375,57.49999999999999,29.72972972972973,0.334781575,6.896551724137931,43.96551724137931,-0.777053430540599,-0.3422051670605654,-0.05265018584825489,-0.39063626114980643,96.1,96.1,2026-09-27
680916,"Aleman, Franco",105,427,22.0,0,21,CLE,26.666666666666668,11.241217798594848,27.86885245901639,9.523809523809524,52.38095238095239,25.0,0.3174876952380952,6.557377049180328,29.508196721311474,0.43423538197157563,-1.1403977289811011,-0.4654638647258107,-0.3905420705784454,96.1,96.1,2026-09-27
663372,"Feltner, Ryan",551,2050,121.2,22,26,COL,16.696914700544465,10.682926829268293,25.21951219512195,9.618874773139746,63.52087114337568,27.192118226600986,0.3369615345454546,9.476309226932669,42.8927680798005,-0.5984463642528444,-0.16372126373268578,-0.449788163771659,-0.4039852639190631,96.0,96.0,2026-09-27
689546,"Davila, Nick",119,447,26.2,0,24,SEA,10.92436974789916,6.7114093959731544,25.503355704697988,10.92436974789916,61.34453781512605,29.411764705882355,0.3403810756302521,4.49438202247191,51.68539325842697,-1.45415479233659,-0.2717244675266351,0.5331592044654851,-0.39757335179924663,96.0,96.0,2026-09-27
621016,"Cuas, Jose",108,477,23.0,0,24,KC,23.14814814814815,11.530398322851152,25.366876310272534,12.962962962962962,55.55555555555556,31.54121863799283,0.3528548148148148,2.941176470588235,27.941176470588236,-0.06904941152516926,-0.7285001699481243,-0.4074615724087258,-0.4016703846273398,96.0,96.0,2026-09-27
800600,"Kent, Jackson",170,677,36.2,7,8,WSH,17.647058823529413,9.748892171344165,24.963072378138847,14.705882352941178,58.82352941176471,32.21649484536083,0.3533735294117647,6.086956521739131,49.56521739130435,-0.7006315215302816,-0.6336991781166595,0.11417710457116108,-0.40671786502526003,95.9,95.9,2026-09-27
623474,"Herget, Jimmy",239,954,53.0,3,51,COL,19.665271966527197,10.79664570230608,26.834381551362686,10.0418410041841,58.57740585774059,29.841897233201582,0.32279485714285716,9.937888198757763,34.78260869565217,-0.19011362824162334,-0.33113228815245277,-0.7221883756630593,-0.4144780973523785,95.9,95.9,2026-09-27
571578,"Corbin, Patrick",363,1413,77.2,15,19,TOR,17.355371900826448,8.9171974522293,23.35456475583864,6.887052341597796,61.43250688705234,30.74074074074074,0.3521315248618785,7.518796992481203,39.473684210526315,-1.041726402608169,0.30947309006143503,-0.4909320178910886,-0.4077284434792741,95.9,95.9,2026-09-27
472610,"García, Luis",74,265,15.0,0,15,MIN,8.108108108108109,9.811320754716983,23.0188679245283,8.108108108108109,64.86486486486487,34.05797101449276,0.3782382702702703,4.918032786885246,39.34426229508197,-1.5304528909568094,0.7076753346768792,-0.4127491295359784,-0.4118422286053029,95.9,95.9,2026-09-27
607067,"Rea, Colin",581,2206,131.1,19,33,CHC,17.21170395869191,8.250226654578423,25.11332728921124,8.089500860585199,64.65517241379311,30.17241379310345,0.3532656179001721,10.304449648711945,43.79391100702576,-0.911165837747156,0.3529212499007928,-0.6726851917920267,-0.4103099265461299,95.9,95.9,2026-09-27
669020,"Rolison, Ryan",259,1009,61.1,2,60,CHC,21.235521235521233,8.02775024777007,24.975222993062438,10.424710424710424,57.52895752895753,26.510721247563353,0.30948980544747084,6.9364161849710975,43.93063583815029,-0.7130327660717857,-0.7424710873214043,0.18214450832097476,-0.42445311502407174,95.8,95.8,2026-09-27
607625,"Lugo, Seth",752,2859,168.1,32,32,KC,17.819148936170212,7.6250437215809725,25.673312346974463,7.180851063829788,64.36170212765957,25.30909090909091,0.34251155319148935,7.9422382671480145,41.15523465703971,-0.8856585290984822,0.007117023800636835,-0.38105520511710794,-0.41986557013831777,95.8,95.8,2026-09-27
688642,"Agnos, Zach",407,1511,90.0,3,41,COL,14.250614250614252,9.9933818663137,23.42819324950364,8.108108108108109,63.882063882063875,31.980319803198032,0.34828481572481573,8.737864077669903,38.51132686084142,-1.0760761084183097,0.45475386419916886,-0.6516246774582188,-0.4243156405591199,95.8,95.8,2026-09-27
687931,"Whisenhunt, Carson",165,617,34.1,8,8,SF,15.757575757575756,11.507293354943274,27.55267423014587,12.727272727272727,63.63636363636363,31.428571428571427,0.36765446341463415,7.758620689655173,33.62068965517241,-0.23899105779710905,-0.1353050082997685,-0.9213176191113869,-0.4318712284027548,95.7,95.7,2026-09-27
696270,"Johnson, Ryan",439,1726,99.1,19,22,LAA,17.995444191343964,10.139049826187717,26.825028968713788,9.567198177676538,61.958997722095674,28.424657534246577,0.3347216255707762,9.385113268608414,34.95145631067961,-0.38289063080923613,-0.160804508351271,-0.7580071529943825,-0.4339007640516299,95.7,95.7,2026-09-27
621121,"McCullers Jr., Lance",196,793,43.2,8,10,MIL,24.489795918367346,9.836065573770492,26.733921815889026,13.77551020408163,56.12244897959183,26.75736961451247,0.3260355306122449,7.627118644067797,44.06779661016949,-0.0382618858505985,-1.2011918780435862,-0.058297168184820336,-0.43258364402633503,95.7,95.7,2026-09-27
702752,"Pintaro, Jonathan",131,524,30.1,0,22,NYM,22.900763358778626,10.687022900763358,26.14503816793893,12.213740458015266,49.61832061068702,27.464788732394368,0.31250485496183206,6.172839506172839,43.20987654320987,-0.0969951202807288,-1.425693987616283,0.22013767579473364,-0.4341838107007594,95.7,95.7,2026-09-27
625643,"López, Reynaldo",347,1370,78.2,13,26,ATL,21.037463976945244,9.48905109489051,25.76642335766423,9.798270893371757,58.38150289017341,27.209944751381215,0.3347522312138728,7.172995780590717,37.9746835443038,-0.42327821460809867,-0.5490732316346035,-0.3452086486196846,-0.4391866982874622,95.6,95.6,2026-09-27
680570,"Rodriguez, Grayson",445,1778,97.2,20,20,LAA,19.101123595505616,10.348706411698538,26.040494938132735,9.213483146067416,61.12359550561798,27.89115646258503,0.3596989752808989,8.737864077669903,39.80582524271845,-0.3892789074883661,-0.22721134766582915,-0.7049368020812915,-0.4404756857451622,95.6,95.6,2026-09-27
669270,"Kuhnel, Joel",198,739,43.2,0,44,SF,13.636363636363635,9.607577807848443,24.357239512855212,8.080808080808081,58.37563451776649,28.10126582278481,0.3616994343434344,6.666666666666667,50.66666666666667,-1.044622880917754,-0.2762368527103379,0.007836799402674677,-0.4376743114084724,95.6,95.6,2026-09-27
621381,"Strahm, Matt",161,634,35.1,0,41,KC,18.633540372670808,9.936908517350158,26.498422712933756,8.074534161490684,60.86956521739131,31.921824104234524,0.31648226086956527,11.304347826086957,27.82608695652174,-0.41396632531704,0.23854564840910486,-1.1358074133805418,-0.437076030096159,95.6,95.6,2026-09-27
642546,"Hernández, Jonathan",109,418,24.2,0,16,LAD,20.18348623853211,7.655502392344498,25.837320574162682,10.091743119266056,56.88073394495413,26.605504587155966,0.3190750458715596,5.405405405405405,40.54054054054054,-0.7152991297376853,-0.7425951049073544,0.14095411924332882,-0.43898003846723693,95.6,95.6,2026-09-27
579328,"Kikuchi, Yusei",282,1116,62.1,13,13,LAA,21.27659574468085,9.67741935483871,24.641577060931898,9.929078014184398,62.76595744680851,25.830258302583026,0.3430366808510638,8.900523560209423,42.40837696335078,-0.5301118459268276,-0.3725910901173171,-0.45488312404321385,-0.4525286866957862,95.5,95.5,2026-09-27
656638,"Lange, Alex",276,1135,58.0,0,59,KC,21.73913043478261,12.070484581497798,26.87224669603524,11.956521739130435,60.14492753623188,29.552715654952078,0.3512704782608696,13.636363636363635,45.45454545454545,0.11481781403718942,-0.4619689126861573,-1.0087914485126188,-0.4519808490538622,95.5,95.5,2026-09-27
681799,"Roberts, Ethan",110,437,25.1,0,23,CHC,15.454545454545453,8.924485125858125,25.171624713958813,12.727272727272727,61.81818181818181,25.108225108225106,0.34198523636363637,3.9473684210526314,47.368421052631575,-0.9195804836402219,-0.8211453776276804,0.4023522432563105,-0.44612453933719726,95.5,95.5,2026-09-27
665795,"Cabrera, Edward",351,1353,78.0,15,18,CHC,20.22792022792023,11.456023651145603,24.833702882483372,10.256410256410255,57.54985754985755,32.041343669250644,0.35174681142857145,11.666666666666666,44.583333333333336,-0.3276758667647864,-0.23522366996688793,-0.7986395202495876,-0.4538463523270873,95.5,95.5,2026-09-27
663992,"Lovelady, Richard",172,653,34.2,6,38,WSH,18.023255813953487,8.422664624808576,25.880551301684534,11.627906976744185,58.139534883720934,29.32551319648094,0.349517488372093,6.1946902654867255,46.017699115044245,-0.7377495120964966,-0.5877211185906924,-0.015261635402367635,-0.44691075536318553,95.5,95.5,2026-09-27
641927,"Ober, Bailey",562,2099,131.0,24,25,MIN,17.08185053380783,9.242496426869938,25.154835636017154,6.583629893238434,60.320284697508896,29.868913857677903,0.33006007829181494,9.88235294117647,34.8235294117647,-0.7789406142220648,0.1878458988225511,-0.7826635837960754,-0.4579194330651964,95.4,95.4,2026-09-27
571927,"Matz, Steven",342,1345,80.0,11,36,TB,17.83625730994152,8.62453531598513,25.94795539033457,7.309941520467836,61.40350877192983,29.115853658536583,0.3414391929824561,10.62992125984252,38.976377952755904,-0.7129743081547009,0.11645218902002931,-0.8085009727465868,-0.46834103062708615,95.3,95.3,2026-09-27
657571,"Ferguson, Caleb",150,595,32.2,1,35,STL,20.666666666666668,7.73109243697479,25.882352941176475,11.333333333333332,55.033557046979865,27.68166089965398,0.3408364,7.07070707070707,50.505050505050505,-0.6695588684281365,-0.920492788464253,0.14829759903147785,-0.4805846859536372,95.2,95.2,2026-09-27
641312,"Anderson, Shaun",93,351,19.1,0,12,LAA,18.27956989247312,11.396011396011396,26.780626780626783,10.75268817204301,60.215053763440864,27.956989247311824,0.3888188387096775,9.230769230769232,46.15384615384615,-0.20060159501035144,-0.4608235033657376,-0.7731654930755637,-0.4781968638172176,95.2,95.2,2026-09-27
679883,"Avila, Luinder",312,1293,67.0,12,21,KC,19.55128205128205,9.280742459396752,26.295436968290797,13.461538461538462,55.769230769230774,26.859504132231404,0.3355309743589744,5.88235294117647,47.549019607843135,-0.4734127558245625,-1.1817822785244385,0.22402142803254907,-0.4770578687721507,95.2,95.2,2026-09-27
656605,"Keller, Mitch",503,1888,115.0,22,22,PIT,17.693836978131213,8.845338983050848,25.052966101694917,8.34990059642147,60.238568588469185,29.351184346035016,0.3545522385685885,7.417582417582418,37.91208791208791,-0.8087172665280585,-0.0639000744695787,-0.5681885046815863,-0.4802686152264079,95.2,95.2,2026-09-27
702273,"Schultz, Noah",325,1262,73.0,14,19,CWS,20.615384615384617,8.795562599049129,26.94136291600634,9.538461538461538,61.846153846153854,28.57142857142857,0.3558983015384616,9.67741935483871,36.86635944700461,-0.38969383734737256,-0.15267834848679673,-0.9152536357526598,-0.4858752738622764,95.1,95.1,2026-09-27
687075,"Sproat, Brandon",427,1757,93.0,19,22,MIL,23.653395784543328,10.244735344336938,26.067159931701767,12.177985948477751,57.14285714285714,25.371428571428574,0.334535141509434,8.494208494208493,43.24324324324324,-0.12115139819701144,-1.0691476801304256,-0.2858508902812001,-0.4920499895362123,95.1,95.1,2026-09-27
669194,"Nelson, Ryne",368,1357,86.0,15,18,AZ,17.391304347826086,9.064112011790716,22.181282240235813,6.25,64.40217391304348,33.531157270029674,0.35364266304347824,10.218978102189782,32.846715328467155,-1.172964797185833,0.839094443575355,-1.1357898974529665,-0.4898867503544815,95.1,95.1,2026-09-27
542888,"Armstrong, Shawn",155,632,34.2,0,41,CLE,21.935483870967744,9.177215189873419,23.10126582278481,11.612903225806452,60.0,24.18300653594771,0.31271318709677415,7.07070707070707,44.44444444444444,-0.7590656636678697,-0.9058327966930007,0.15626916582013461,-0.5028764315135786,95.0,95.0,2026-09-27
453286,"Scherzer, Max",338,1348,76.2,17,17,TOR,18.04733727810651,9.124629080118694,23.887240356083087,10.059171597633137,61.53846153846154,32.20815752461322,0.3207769940828402,8.75,31.666666666666664,-0.9015446927909817,0.08632027500594064,-0.6847743061239789,-0.49999957463634,95.0,95.0,2026-09-27
640448,"Finnegan, Kyle",272,1064,59.1,0,63,DET,17.27941176470588,11.278195488721805,25.845864661654133,12.5,61.76470588235294,27.836879432624112,0.3594253579335794,9.574468085106384,46.27659574468085,-0.40005283206681197,-0.5590714889970775,-0.5313414290207058,-0.4968219166948651,95.0,95.0,2026-09-27
694346,"Gibson, Trey",186,711,39.1,8,9,BAL,19.892473118279568,8.438818565400844,28.129395218002813,14.516129032258066,58.06451612903226,27.513227513227513,0.3675870918918919,8.333333333333332,54.166666666666664,-0.327089480602059,-1.0801739801783923,-0.11129555016277777,-0.5061863369810763,94.9,94.9,2026-09-27
663623,"Irvin, Jake",470,1939,105.0,20,22,WSH,23.404255319148938,10.159876224858175,26.766374419804023,10.212765957446807,62.5531914893617,24.97376705141658,0.3508115063829787,10.891089108910892,37.95379537953795,-0.0565193207620025,-0.49531413880670766,-0.9753311721611994,-0.5090548772433031,94.9,94.9,2026-09-27
671096,"Abbott, Andrew",731,2869,163.2,32,32,CIN,17.920656634746923,9.132101777622866,25.688393168351343,10.39671682626539,58.5499316005472,28.970099667774086,0.3367117695473251,8.076923076923077,39.80769230769231,-0.6728125501630139,-0.45006142185308007,-0.4008496774656642,-0.507907883160586,94.9,94.9,2026-09-27
665871,"Assad, Javier",379,1511,93.1,11,28,CHC,16.62269129287599,6.2210456651224355,24.2885506287227,6.860158311345646,60.15831134564644,23.170731707317074,0.3236884854881267,6.666666666666667,47.719298245614034,-1.330624765347033,-0.4444798049435767,0.2439705529182897,-0.5103780057907733,94.9,94.9,2026-09-27
668678,"Gallen, Zac",472,1789,104.1,20,22,AZ,13.559322033898304,8.272778088317496,25.433202906651758,7.203389830508475,65.2542372881356,31.097560975609756,0.3852718813559322,10.840108401084011,43.90243902439025,-1.0899397156030333,0.5775757374669096,-1.042073162503123,-0.5181457135464155,94.8,94.8,2026-09-27
605288,"Houser, Adrian",471,1732,109.1,16,26,SF,15.92356687898089,7.448036951501155,24.480369515011546,7.218683651804671,61.78343949044586,25.82480091012514,0.33761984680851065,8.683473389355742,44.81792717086835,-1.1817330266234503,-0.13569196897248662,-0.27184950023636983,-0.5297581652774356,94.7,94.7,2026-09-27
700669,"Graceffo, Gordon",326,1233,80.2,1,62,STL,19.32515337423313,8.43471208434712,23.519870235198702,10.122699386503067,57.668711656441715,28.947368421052634,0.33107238036809816,8.968609865470851,47.53363228699551,-0.9650160416272217,-0.48383187327940763,-0.12915197089592825,-0.5259999619341859,94.7,94.7,2026-09-27
518886,"Kimbrel, Craig",198,786,44.2,0,46,KC,20.2020202020202,10.05089058524173,22.900763358778626,10.1010101010101,54.54545454545454,28.701594533029613,0.31441449746192895,5.343511450381679,33.587786259541986,-0.7727828692189688,-0.7257676834530603,-0.10542956291250405,-0.5346600385281777,94.7,94.7,2026-09-27
681190,"Vásquez, Randy",568,2162,132.0,22,31,SD,14.964788732394366,8.464384828862165,23.728029602220165,6.338028169014084,64.96478873239437,28.160919540229884,0.3567138028169014,9.79498861047836,40.091116173120724,-1.2007818151526821,0.39668558973679247,-0.7995056565503069,-0.5345339606553988,94.7,94.7,2026-09-27
694680,"Martin, Trevor",67,229,13.2,0,7,LAA,11.940298507462686,10.043668122270741,24.890829694323145,8.955223880597014,65.67164179104478,25.64102564102564,0.3586058181818182,10.0,48.0,-1.0195020213198116,-0.0715208905451205,-0.5039291116826297,-0.5316506745158539,94.7,94.7,2026-09-27
674370,"Bido, Osvaldo",81,317,18.2,0,11,CWS,13.580246913580247,10.094637223974763,26.813880126182966,12.345679012345679,67.90123456790124,31.891891891891895,0.37655812345679013,8.928571428571429,32.142857142857146,-0.6607462794098208,0.2529475911782511,-1.2195706985687866,-0.5424564622667855,94.6,94.6,2026-09-27
685801,"Bigge, Hunter",85,323,18.2,0,18,TB,16.470588235294116,9.907120743034056,25.077399380804955,15.294117647058824,58.82352941176471,26.923076923076923,0.31192870588235294,5.263157894736842,42.10526315789473,-0.7362392548324374,-1.1662192374308218,0.29461379672373267,-0.5359482318465089,94.6,94.6,2026-09-27
686799,"Kochanowicz, Jack",296,1111,64.0,13,13,LAA,15.878378378378377,10.081008100810081,25.562556255625562,11.824324324324325,53.37837837837838,25.64102564102564,0.3536285810810811,7.211538461538461,57.21153846153846,-0.6854623722203157,-1.2738114870649166,0.2963813466464896,-0.5542975042129142,94.5,94.5,2026-09-27
700241,"McGreevy, Michael",702,2774,166.2,31,31,STL,16.381766381766383,8.038932948810382,24.549387166546502,6.837606837606838,57.97720797720798,28.45901639344262,0.35076152706552705,9.107806691449815,44.42379182156134,-1.0644082006460482,-0.1321501327974586,-0.46853587042338357,-0.5550314012889634,94.4,94.4,2026-09-27
663903,"Singer, Brady",727,2802,154.1,31,31,CIN,17.33149931224209,9.850107066381156,27.337615988579582,8.528198074277855,58.18431911966988,27.044854881266488,0.36198825309491056,10.53639846743295,41.95402298850575,-0.3957727198759198,-0.4335916185828879,-0.864697325541218,-0.5646872213333419,94.4,94.4,2026-09-27
663941,"Beck, Tristan",83,313,19.0,0,14,SF,10.843373493975903,7.987220447284344,23.642172523961662,6.024096385542169,54.87804878048781,27.848101265822784,0.31911146987951805,8.823529411764707,51.470588235294116,-1.5291822896756064,-0.31467597594623836,0.17276775370130046,-0.5570301706401815,94.4,94.4,2026-09-27
663878,"Pearson, Nate",198,765,44.1,0,41,KC,20.707070707070706,9.15032679738562,24.313725490196077,12.626262626262626,54.54545454545454,27.577937649880095,0.32247278787878786,7.199999999999999,45.6,-0.6794280349778797,-1.1111000035532992,0.09622738679863345,-0.5647668839108485,94.4,94.4,2026-09-27
694918,"Tidwell, Blade",236,960,56.1,9,17,SF,19.491525423728813,8.958333333333334,26.458333333333332,8.898305084745763,59.7457627118644,24.583333333333332,0.3168897531914894,10.493827160493826,38.2716049382716,-0.49955880107157014,-0.580804634001112,-0.5870553008410595,-0.5558062453045806,94.4,94.4,2026-09-27
571945,"Mikolas, Miles",500,1827,114.1,11,25,WSH,11.600000000000001,5.856595511767926,22.933771209633278,4.6,65.0,28.35990888382688,0.35326541883767537,9.156626506024097,45.30120481927711,-1.8648020076639844,0.613863382769581,-0.4609774248921797,-0.5706386832621944,94.3,94.3,2026-09-27
663765,"Woodford, Jake",134,485,28.0,0,19,TB,18.65671641791045,8.041237113402062,25.979381443298973,5.970149253731343,59.70149253731343,26.82926829268293,0.37746298507462683,8.91089108910891,39.603960396039604,-0.7378364756127572,-0.05417139036598787,-0.9053088735748863,-0.5657722465178772,94.3,94.3,2026-09-27
518876,"Kelly, Merrill",708,2626,158.0,29,29,AZ,15.96045197740113,9.596344249809597,23.381568926123382,9.6045197740113,61.5819209039548,35.05016722408027,0.37558168033946254,11.046511627906977,41.47286821705426,-1.031386489558994,0.39107598948143996,-1.0804155249196048,-0.5735753416657196,94.3,94.3,2026-09-27
607200,"Fedde, Erick",608,2422,138.2,15,33,CWS,16.282894736842106,7.308009909165978,25.185796862097444,8.223684210526317,64.80263157894737,24.216959511077157,0.33405330263157895,8.240534521158128,37.8619153674833,-1.0865206428823568,-0.17583061896744226,-0.4800378854958518,-0.5807963824485504,94.2,94.2,2026-09-27
605488,"Springs, Jeffrey",633,2464,140.0,29,29,ATH,17.69352290679305,9.496753246753247,25.730519480519483,9.004739336492891,58.451816745655606,29.984894259818727,0.34598003174603176,9.429824561403509,34.64912280701755,-0.6316941194806286,-0.20986160866268247,-0.884178707730241,-0.5752448119578507,94.2,94.2,2026-09-27
471911,"Carrasco, Carlos",73,246,16.1,0,8,ATL,9.58904109589041,9.34959349593496,21.951219512195124,4.10958904109589,57.534246575342465,39.25925925925926,0.42517594520547947,9.836065573770492,44.26229508196721,-1.6420493715377813,1.0960765230487104,-1.2118457396356404,-0.5859395293749038,94.1,93.9,2026-09-27
669456,"Bieber, Shane",242,930,55.1,11,11,TOR,18.181818181818183,9.032258064516128,26.344086021505376,9.917355371900827,58.67768595041323,29.63636363636364,0.3678682644628099,10.919540229885058,43.67816091954023,-0.5846566005483554,-0.32794432337565194,-0.8957708837590403,-0.6027906025610159,94.0,94.0,2026-09-27
592662,"Ray, Robbie",706,2855,161.1,30,31,SD,19.8300283286119,10.332749562171628,23.887915936952712,11.89801699716714,58.21529745042493,28.159509202453986,0.33170726808510637,7.9831932773109235,36.344537815126046,-0.6282295937381173,-0.7155598215626933,-0.4899124539932525,-0.6112339564313544,93.9,93.9,2026-09-27
702474,"Paredes, Mike",154,552,34.1,5,9,MIN,12.337662337662337,8.876811594202898,22.644927536231883,8.441558441558442,62.33766233766234,28.46975088967972,0.3497142597402597,6.779661016949152,38.983050847457626,-1.4472476301065071,-0.002138964126904841,-0.39432939169032166,-0.6145719953079113,93.9,93.9,2026-09-27
668674,"Erceg, Lucas",225,892,46.0,0,51,KC,14.666666666666666,8.520179372197308,22.08520179372197,13.333333333333334,57.333333333333336,28.04123711340206,0.33671210714285715,4.57516339869281,51.633986928104584,-1.4262365705998008,-0.9516917508252852,0.5556277373562866,-0.6074335280229332,93.9,93.9,2026-09-27
608650,"Enns, Dietrich",70,291,15.2,0,13,BAL,18.571428571428573,8.934707903780069,24.398625429553263,15.714285714285714,62.857142857142854,26.31578947368421,0.29894542857142853,6.521739130434782,34.78260869565217,-0.8283867831831208,-0.9796183638189614,-0.057262001614836,-0.6217557162056394,93.8,93.8,2026-09-27
676680,"Cosgrove, Tom",74,268,16.1,0,18,WSH,18.91891891891892,7.08955223880597,23.88059701492537,8.108108108108109,62.16216216216216,28.225806451612907,0.3200268108108108,9.615384615384617,32.69230769230769,-1.1254049269163886,0.0017030351721087171,-0.7443146632210736,-0.6226721849884512,93.8,93.8,2026-09-27
666157,"Lodolo, Nick",489,1899,107.1,21,21,CIN,16.973415132924334,9.110057925223803,25.487098472880465,9.406952965235174,59.30470347648262,28.61328125,0.37625095081967214,8.823529411764707,41.76470588235294,-0.760127296912577,-0.31534907150896724,-0.7897012743633199,-0.6217258809282881,93.8,93.8,2026-09-27
676760,"Marinaccio, Ron",261,1043,57.0,0,41,CIN,18.39080459770115,10.546500479386385,23.585810162991372,10.344827586206897,59.77011494252874,25.74430823117338,0.3455544980842912,7.865168539325842,39.325842696629216,-0.7268297833227879,-0.640996939050073,-0.4788496149621542,-0.6155587791116718,93.8,93.8,2026-09-27
676254,"Walker, Ryan",156,619,32.1,0,33,SF,14.743589743589745,5.654281098546042,24.717285945072696,10.256410256410255,60.89743589743589,24.91803278688525,0.3270604615384615,6.25,46.42857142857143,-1.466608199035872,-0.6232677195458155,0.2096557131703777,-0.6267400684704366,93.7,93.7,2026-09-27
455119,"Martin, Chris",66,248,13.2,0,16,TEX,13.636363636363635,7.258064516129033,22.983870967741936,3.0303030303030303,69.6969696969697,32.17391304347826,0.40754715151515153,11.11111111111111,31.48148148148148,-1.5432349090456026,1.4625527487554448,-1.8231504317546474,-0.634610864014935,93.7,93.7,2026-09-27
684049,"Bidois, Brandan",80,325,15.2,0,15,PIT,25.0,16.0,30.461538461538463,15.0,51.24999999999999,33.88888888888889,0.3613614,17.02127659574468,25.53191489361702,1.317375111250057,-1.0600906055024133,-2.1789074019496613,-0.6405409654006725,93.6,92.9,2026-09-27
805326,"Schweitzer, Tyler",155,566,36.2,0,18,CWS,11.612903225806452,9.717314487632509,23.851590106007066,7.741935483870968,61.935483870967744,29.00763358778626,0.3595649032258064,8.870967741935484,37.903225806451616,-1.2197346264709659,0.0958690436254009,-0.802458262015776,-0.6421079482871136,93.6,93.6,2026-09-27
684665,"Murphy, Luke",89,380,18.2,0,21,LAA,22.47191011235955,8.421052631578947,23.94736842105263,12.359550561797752,52.80898876404494,27.403846153846157,0.31900597752808985,5.357142857142857,37.5,-0.7182885243688709,-1.2200192973252648,0.017126527179249562,-0.6403937648382954,93.6,93.6,2026-09-27
657424,"Gage, Matt",127,527,27.0,0,34,SF,17.322834645669293,9.67741935483871,22.011385199240987,13.385826771653544,61.417322834645674,34.146341463414636,0.3477544251968504,10.465116279069768,41.86046511627907,-1.1160820124980304,-0.12913525448871224,-0.7237387490798787,-0.6563186720222071,93.4,93.4,2026-09-27
681402,"Varland, Gus",155,584,33.0,0,34,WSH,20.64516129032258,9.417808219178083,26.88356164383562,9.032258064516128,65.80645161290323,32.631578947368425,0.3879117419354839,15.74074074074074,29.629629629629626,-0.31092616526114275,0.5444874479950014,-2.2562204445952254,-0.6742197206204557,93.3,93.1,2026-09-27
688297,"Roycroft, Chris",179,649,37.1,0,26,ATH,15.083798882681565,6.933744221879815,21.879815100154083,8.938547486033519,63.687150837988824,25.396825396825395,0.3685873519553073,9.848484848484848,58.333333333333336,-1.6429825221187144,-0.23266325976752267,-0.13573555319880462,-0.6704604450283472,93.3,93.3,2026-09-27
623437,"Topa, Justin",108,414,22.0,0,25,NYY,13.88888888888889,6.521739130434782,24.154589371980677,11.11111111111111,61.111111111111114,25.90909090909091,0.3599931851851852,7.59493670886076,54.43037974683544,-1.4747098778398477,-0.6177738066201762,0.06703820634292372,-0.6751484927057,93.2,93.2,2026-09-27
672782,"Gómez, Yoendrys",297,1168,66.1,0,65,MIN,21.885521885521886,11.301369863013697,26.027397260273972,12.121212121212121,58.58585858585859,27.00854700854701,0.35235938047138043,8.421052631578947,27.368421052631582,-0.09111547523799485,-0.8157262542034663,-1.1288172872096383,-0.6785530055503664,93.2,93.2,2026-09-27
694753,"Curtis, Khristian",87,349,21.0,0,6,PIT,14.942528735632186,10.315186246418339,24.068767908309454,13.793103448275861,56.32183908045977,30.198019801980198,0.2983782988505747,8.19672131147541,34.42622950819672,-0.9062594509718934,-0.8862070392100773,-0.2815760969948411,-0.6913475290589371,93.1,93.1,2026-09-27
672629,"Carrillo, Gerardo",81,320,17.1,0,13,AZ,25.925925925925924,10.625,27.187499999999996,18.51851851851852,48.148148148148145,23.333333333333332,0.3055808888888889,7.142857142857142,45.23809523809524,0.2161163695476108,-2.5226122983770956,0.24921390854171308,-0.6857606734292573,93.1,92.9,2026-09-27
694795,"Ekness, Josh",131,543,29.1,0,29,MIA,17.557251908396946,7.18232044198895,26.151012891344383,13.740458015267176,58.01526717557252,23.0188679245283,0.3084927022900763,5.813953488372093,40.69767441860465,-0.8993653112329912,-1.391176761976407,0.196412124045192,-0.6980433163880688,93.0,93.0,2026-09-27
592791,"Taillon, Jameson",371,1447,85.0,18,18,TOR,20.485175202156334,11.195577055977886,27.228749136143747,8.355795148247978,55.525606469002696,30.076142131979694,0.3661549433962264,14.615384615384617,34.23076923076923,-0.03417368742892695,-0.3369329679488757,-1.758511783961378,-0.7098728131130603,92.9,92.9,2026-09-27
695076,"Lowder, Rhett",604,2302,133.0,26,29,CIN,17.052980132450333,7.428323197219809,25.36924413553432,9.105960264900661,59.10596026490066,26.581196581196583,0.3510226069651741,9.63302752293578,41.51376146788991,-0.9990424429361934,-0.4741935966986656,-0.6633167227664206,-0.71218425413376,92.9,92.9,2026-09-27
641778,"Lauer, Eric",468,1816,106.1,18,22,LAD,15.384615384615385,7.929515418502203,21.53083700440529,7.478632478632479,62.60683760683761,33.12236286919831,0.3407795717344754,11.048158640226628,31.728045325779036,-1.5349599715801425,0.5356964824765214,-1.167234540199812,-0.7221660097678111,92.8,92.8,2026-09-27
666142,"Ragans, Cole",152,639,34.1,8,8,KC,29.605263157894733,12.832550860719873,27.856025039123633,15.131578947368421,53.94736842105263,27.887323943661972,0.34188644736842105,15.66265060240964,34.93975903614458,0.8286078937959266,-1.4107297491807762,-1.5887345124065266,-0.7236187892637921,92.8,92.6,2026-09-27
681293,"Arrighetti, Spencer",493,1944,108.2,19,24,TOR,21.50101419878296,9.77366255144033,27.469135802469136,12.981744421906694,54.96957403651116,26.05042016806723,0.34857525354969576,9.15032679738562,36.60130718954248,-0.13363719121158335,-1.2555873644232056,-0.7892770708556606,-0.7261672088301498,92.7,92.7,2026-09-27
668820,"Kranick, Max",94,340,18.1,0,17,WSH,11.702127659574469,10.294117647058822,24.11764705882353,13.829787234042554,63.829787234042556,30.158730158730158,0.3675137446808511,5.797101449275362,31.88405797101449,-1.101157943879618,-0.35831383121086596,-0.7435137950504265,-0.7343285233803035,92.7,92.7,2026-09-27
702275,"Ritchie, JR",301,1195,66.2,10,16,ATL,21.92691029900332,8.87029288702929,25.271966527196653,13.2890365448505,54.48504983388705,26.229508196721312,0.338775122923588,9.62566844919786,45.45454545454545,-0.5174829720727457,-1.3092459658730145,-0.37612680255274816,-0.7342852468328361,92.7,92.7,2026-09-27
690829,"Joyce, Ben",62,263,14.2,0,16,LAA,29.03225806451613,11.406844106463879,29.277566539923956,12.903225806451612,45.16129032258064,20.155038759689923,0.298216,9.090909090909092,27.27272727272727,0.7857546482686041,-2.343866596691787,-0.7019067760138896,-0.7533395748123576,92.5,92.1,2026-09-27
691951,"Aldegheri, Sam",152,610,33.1,6,9,LAA,14.473684210526317,8.688524590163935,24.75409836065574,11.18421052631579,61.18421052631579,27.659574468085108,0.3526435,9.00900900900901,37.83783783783784,-1.066273005688635,-0.46681886453205323,-0.7568775461736285,-0.7633231387981055,92.4,92.4,2026-09-27
664875,"Lawrence, Justin",177,688,34.1,0,37,WSH,24.293785310734464,10.029069767441861,27.906976744186046,15.254237288135593,57.6271186440678,24.02088772845953,0.3803749830508475,10.0,43.0,0.1293052579181179,-1.5024076809267506,-0.9265754327913859,-0.7665592852666728,92.3,92.3,2026-09-27
687849,"Kent, Zak",78,294,16.0,0,11,WSH,15.384615384615385,9.863945578231291,25.850340136054424,10.256410256410255,56.41025641025641,30.573248407643312,0.3489745454545455,12.280701754385964,36.84210526315789,-0.7075517113997268,-0.44569139330570984,-1.1834545621388355,-0.778899222281424,92.2,92.2,2026-09-27
641401,"Brogdon, Connor",70,282,15.2,0,16,CLE,21.428571428571427,11.347517730496454,22.340425531914892,4.285714285714286,41.42857142857143,27.09677419354839,0.3388498857142857,13.725490196078432,41.17647058823529,-0.5948484677553093,-0.7554881709300965,-1.085499248396994,-0.8119452956941333,91.9,90.6,2026-09-27
547179,"Lorenzen, Michael",619,2400,126.2,25,32,TOR,14.539579967689823,7.583333333333334,24.666666666666668,8.723747980613894,61.066235864297255,24.07108239095315,0.37133220032310177,9.168443496801707,43.71002132196162,-1.2237532628875647,-0.5118947446493576,-0.7033079144961478,-0.8129853073443568,91.9,91.9,2026-09-27
607481,"Bummer, Aaron",88,329,16.2,0,21,KC,14.772727272727273,8.814589665653495,25.53191489361702,12.5,63.63636363636363,27.439024390243905,0.37959695454545456,12.698412698412698,47.61904761904761,-0.9291530391767298,-0.4605827827443409,-1.0660693647075095,-0.8186017288761933,91.8,91.8,2026-09-27
815081,"Manfredi, Mark",68,270,15.1,0,13,COL,22.058823529411764,8.518518518518519,27.037037037037038,13.23529411764706,55.88235294117647,21.323529411764707,0.33235911764705883,9.090909090909092,38.63636363636363,-0.32641869703248516,-1.6351855471994476,-0.5394416381614429,-0.8336819607977919,91.7,91.7,2026-09-27
686930,"Barnett, Mason",230,915,49.1,6,20,ATH,21.73913043478261,8.633879781420765,24.808743169398905,12.608695652173912,55.65217391304348,26.574803149606304,0.3415857565217391,8.843537414965986,34.01360544217687,-0.6216464316817015,-1.1184399021115083,-0.7944987794524719,-0.8448617044152273,91.6,91.6,2026-09-27
500779,"Quintana, Jose",213,820,47.1,11,11,COL,11.737089201877934,9.268292682926829,22.073170731707318,8.92018779342723,59.624413145539904,31.41025641025641,0.3560828867924528,9.63855421686747,34.33734939759036,-1.5056098372828384,0.008790502712765214,-1.0207225477703796,-0.8391806274468175,91.6,91.6,2026-09-27
693313,"Seymour, Carson",138,526,30.1,0,24,SF,15.942028985507244,9.885931558935361,24.14448669201521,10.144927536231885,52.17391304347826,25.735294117647058,0.37762534306569345,9.183673469387756,50.0,-0.8934481965284129,-1.1609206781240808,-0.49501536194662416,-0.8497947455330394,91.5,91.5,2026-09-27
671345,"Foley, Jason",113,441,25.0,0,23,SF,13.274336283185843,6.349206349206349,22.90249433106576,7.964601769911504,48.214285714285715,22.90748898678414,0.3117470796460177,5.747126436781609,50.57471264367817,-1.6994656096657348,-1.444847627991722,0.5983631469919213,-0.8486500302218452,91.5,91.5,2026-09-27
608566,"Márquez, Germán",237,920,51.1,10,13,SD,15.611814345991561,8.369565217391305,23.26086956521739,10.126582278481013,62.0253164556962,25.9656652360515,0.36010052320675107,9.826589595375722,38.72832369942196,-1.2351117993593912,-0.43590719565080666,-0.8944402524683768,-0.8551530824928583,91.4,91.4,2026-09-27
608372,"Sugano, Tomoyuki",656,2526,152.0,29,29,COL,14.634146341463413,8.392715756136184,22.802850356294538,5.487804878048781,60.213414634146346,27.83582089552239,0.3777895975609756,11.708253358925145,37.81190019193858,-1.351715350252421,0.12562880783105176,-1.3435247066209397,-0.856537083014103,91.4,91.4,2026-09-27
657265,"Strzelecki, Peter",61,251,14.0,0,8,STL,13.114754098360656,5.9760956175298805,22.31075697211155,9.836065573770492,52.459016393442624,24.285714285714285,0.2937374426229508,4.444444444444445,40.0,-1.837267258003611,-1.233104389561564,0.4825701192514315,-0.8626005094379146,91.4,91.4,2026-09-27
681151,"Murray, Jayden",79,305,15.1,0,10,CHC,17.72151898734177,12.131147540983607,25.573770491803277,11.39240506329114,62.82051282051282,28.57142857142857,0.3628660759493671,14.285714285714285,26.785714285714285,-0.2927216511680127,-0.29348661575818985,-2.004866025359997,-0.8636914307620666,91.4,91.4,2026-09-27
543056,"Coulombe, Danny",96,386,21.2,0,29,BOS,10.416666666666668,6.7357512953367875,22.279792746113987,15.625,57.291666666666664,25.48076923076923,0.3206359583333333,1.4285714285714286,42.857142857142854,-1.9033728979663957,-1.439930464263247,0.7346786894344169,-0.8695415575984086,91.3,91.3,2026-09-27
686560,"Collyer, Gavin",113,484,24.1,0,24,TEX,20.353982300884958,9.090909090909092,28.92561983471074,15.929203539823009,50.442477876106196,22.92490118577075,0.32853054867256637,6.153846153846154,33.84615384615385,-0.10617996410854347,-2.1878662077638507,-0.33278645059114287,-0.8756108741545123,91.2,91.2,2026-09-27
691384,"Perales, Luis",60,250,11.0,0,6,WSH,21.666666666666668,16.0,27.200000000000003,21.666666666666668,56.666666666666664,28.24427480916031,0.39383233333333334,14.705882352941178,38.23529411764706,0.6868577114355022,-1.4828839407441876,-1.8621711478448988,-0.8860657923845281,91.1,89.7,2026-09-27
677161,"Kelly, Zack",71,283,16.1,0,17,BOS,19.718309859154928,8.12720848056537,24.73498233215548,9.859154929577464,45.07042253521127,28.000000000000004,0.3831550985915493,8.16326530612245,46.93877551020408,-0.8238415474868458,-1.3082422612229083,-0.54872677904571,-0.8936035292518213,91.1,90.6,2026-09-27
678020,"Halvorsen, Seth",141,530,29.0,0,32,LAD,16.312056737588655,9.433962264150944,21.32075471698113,10.638297872340425,53.191489361702125,28.027681660899656,0.37540712056737585,7.07070707070707,44.44444444444444,-1.301328947676314,-0.9425895116398788,-0.4421115696363249,-0.8953433429841725,91.0,91.0,2026-09-27
641793,"Littell, Zack",542,1977,122.1,14,26,AZ,13.468634686346864,7.233181588265047,21.851289833080425,7.195571955719557,64.20664206642066,30.26973026973027,0.3820200664206642,11.294117647058824,35.05882352941177,-1.7049535971552476,0.4308971270170934,-1.4492007239763092,-0.9077523980381544,90.9,90.9,2026-09-27
676571,"Poulin, PJ",153,639,36.0,11,35,WSH,16.33986928104575,6.103286384976526,26.134585289514867,13.071895424836603,58.16993464052288,23.652694610778443,0.3488951111111111,9.433962264150944,47.16981132075472,-1.1225928704039523,-1.248531999872876,-0.37446457038432307,-0.9151964802203838,90.8,90.8,2026-09-27
673540,"Senga, Kodai",284,1130,60.2,8,31,NYM,26.408450704225352,11.858407079646017,26.017699115044245,14.43661971830986,54.929577464788736,25.943396226415093,0.3505547279151943,13.496932515337424,29.447852760736197,0.2602261563099741,-1.4328940598425002,-1.671986599899217,-0.9482181678105809,90.5,90.5,2026-09-27
694335,"Svanson, Matt",207,788,43.1,1,41,STL,19.806763285024154,7.487309644670051,21.82741116751269,10.144927536231885,56.038647342995176,25.201072386058982,0.3679888115942029,6.993006993006993,37.76223776223776,-1.2854462434286598,-0.9322733706733821,-0.6485239853100836,-0.9554145331373752,90.4,90.4,2026-09-27
688883,"Pallette, Peyton",97,442,20.2,0,16,CLE,22.68041237113402,10.180995475113122,28.50678733031674,16.49484536082474,50.51546391752577,21.518987341772153,0.3560838762886598,7.142857142857142,35.714285714285715,0.1295576198517898,-2.3705379112796856,-0.6420888309635419,-0.961023040797146,90.4,90.4,2026-09-27
682227,"Williamson, Brandon",215,835,49.2,8,11,CIN,15.348837209302326,9.70059880239521,25.02994011976048,12.093023255813954,53.48837209302325,24.774774774774773,0.36548971162790694,9.271523178807946,40.397350993377486,-0.8391805482521435,-1.3726718739656236,-0.8030988882123345,-1.0049837701433673,90.0,90.0,2026-09-27
683232,"Mears, Nick",83,344,19.0,0,21,KC,18.072289156626507,7.55813953488372,24.709302325581394,12.048192771084338,53.01204819277109,29.230769230769234,0.3798530120481928,12.280701754385964,47.368421052631575,-1.0052733282205217,-1.0094569733876915,-1.0258132316330781,-1.0135145110804304,89.9,89.9,2026-09-27
676755,"Mattson, Isaac",176,728,37.2,0,38,PIT,20.454545454545457,8.928571428571429,24.03846153846154,10.227272727272728,59.09090909090909,27.401129943502823,0.3736260909090909,12.396694214876034,27.27272727272727,-0.7609927143462191,-0.5303154456936945,-1.8448251260988708,-1.0453777620462614,89.5,89.5,2026-09-27
668970,"Hollowell, Gavin",65,259,14.1,0,15,CHC,20.0,11.196911196911197,30.888030888030887,13.846153846153847,55.38461538461539,25.384615384615383,0.35379649230769233,14.634146341463413,21.951219512195124,0.41469575087969873,-1.3826272213963169,-2.1706624596636734,-1.046197976726764,89.5,89.5,2026-09-27
683352,"Bratt, Mitch",194,730,43.1,10,10,AZ,15.463917525773196,6.027397260273973,21.095890410958905,13.402061855670103,59.79381443298969,25.340599455040874,0.31171253608247423,6.61764705882353,28.676470588235293,-1.845274517183564,-1.0216335708251172,-0.4538008442021475,-1.1069029774036097,88.9,88.9,2026-09-27
680723,"Rom, Drew",80,291,16.2,0,17,ATH,21.25,7.216494845360824,25.085910652920962,7.5,55.00000000000001,16.541353383458645,0.3538035,10.714285714285714,28.57142857142857,-0.8078438335391716,-1.2561835247348527,-1.3844556534341137,-1.149494337236046,88.5,87.8,2026-09-27
656212,"Barnes, Charlie",63,201,13.0,0,5,LAD,9.523809523809524,5.970149253731343,21.890547263681594,11.11111111111111,60.317460317460316,26.548672566371685,0.40339701587301585,8.16326530612245,46.93877551020408,-2.112904451955678,-0.6181019546448638,-0.7419252701822167,-1.1576438922609196,88.4,88.4,2026-09-27
680573,"Woods Richardson, Simeon",305,1164,64.2,10,20,TOR,13.114754098360656,6.786941580756014,23.53951890034364,12.131147540983607,56.72131147540984,22.22222222222222,0.3643402098360656,8.482142857142858,38.839285714285715,-1.5665114986772262,-1.3710150026362564,-0.7580367395202683,-1.2318544136112504,87.7,87.7,2026-09-27
669371,"Henry, Cole",71,282,13.2,0,11,WSH,21.12676056338028,9.574468085106384,23.75886524822695,11.267605633802818,48.57142857142857,29.375,0.3785224788732394,13.636363636363635,27.27272727272727,-0.6686696784453208,-1.2249497026567522,-2.050246791672509,-1.3146220575915273,86.9,86.9,2026-09-27
682995,"Barco, Hunter",87,351,17.0,0,7,PIT,16.091954022988507,5.698005698005698,23.931623931623932,14.942528735632186,54.02298850574713,19.48717948717949,0.3762487816091954,6.896551724137931,46.55172413793103,-1.480816576404284,-2.1230587335568694,-0.3372927394682994,-1.313722683143151,86.9,86.9,2026-09-27
663574,"Santillan, Tony",191,704,40.0,0,44,CIN,18.848167539267017,7.8125,23.863636363636363,13.612565445026178,58.63874345549738,25.263157894736842,0.3832491308900524,13.600000000000001,34.4,-1.033778468627319,-1.1347134359619224,-1.7844164356152117,-1.3176361134014842,86.8,86.8,2026-09-27
519141,"Pomeranz, Drew",135,494,29.0,0,31,CHC,12.592592592592592,7.6923076923076925,20.850202429149796,8.88888888888889,51.11111111111111,26.666666666666668,0.34838714074074073,9.0,28.000000000000004,-1.827126865321101,-1.012289277387233,-1.1378729118426485,-1.3257630181836608,86.7,86.7,2026-09-27
814305,"Tur, Yunior",78,294,12.2,0,8,ATH,17.94871794871795,11.564625850340136,26.53061224489796,14.102564102564102,52.56410256410257,26.380368098159508,0.44389143589743585,13.461538461538462,30.76923076923077,-0.23064942609070674,-1.525268494433912,-2.2557908290993347,-1.3372362498746513,86.6,85.8,2026-09-27
687209,"Maxwell, Zach",67,293,13.0,0,12,CIN,17.91044776119403,6.143344709897611,23.890784982935152,14.925373134328357,62.68656716417911,22.857142857142858,0.3629373134328358,11.11111111111111,26.666666666666668,-1.3143222398388277,-1.2066355969528277,-1.6042857735347402,-1.375081203442132,86.2,86.2,2026-09-27
683175,"Phillips, Connor",145,591,29.2,0,27,CIN,20.0,8.967851099830796,26.057529610829107,21.379310344827587,54.861111111111114,20.795107033639145,0.37277817931034485,8.536585365853659,25.609756097560975,-0.5195288824293441,-2.2671539966936582,-1.414070428660689,-1.4002511025945639,86.0,84.6,2026-09-27
683742,"Franco, Jose",93,348,20.1,0,10,CIN,16.129032258064516,8.333333333333332,22.413793103448278,16.129032258064516,53.2608695652174,23.28042328042328,0.33988804347826085,9.67741935483871,33.87096774193548,-1.3191029934110379,-1.9782255295905544,-0.8911687074558551,-1.396165743485816,86.0,86.0,2026-09-27
696131,"Black, Mason",142,557,30.2,0,17,KC,13.380281690140844,6.642728904847396,24.95511669658887,14.084507042253522,57.04225352112676,21.403508771929825,0.3869105915492958,9.900990099009901,33.663366336633665,-1.3847669068069939,-1.6417487189946918,-1.37751474254921,-1.4680101227836317,85.3,85.3,2026-09-27
696522,"Juenger, Hayden",81,292,16.0,0,15,ATH,7.4074074074074066,5.821917808219178,21.232876712328768,9.876543209876543,50.617283950617285,28.30188679245283,0.3813875555555556,7.6923076923076925,29.230769230769234,-2.348614173226524,-1.015657658507376,-1.2325575233230326,-1.5322764516856442,84.7,84.7,2026-09-27
691769,"Abner, Philip",86,313,18.2,0,13,SF,11.627906976744185,6.7092651757188495,21.405750798722046,12.790697674418606,59.30232558139535,26.11464968152866,0.4075718604651163,15.384615384615385,41.53846153846154,-1.9470671476952797,-0.9192260223147556,-1.9320933229910364,-1.5994621643336906,84.0,84.0,2026-09-27
